"X","Y","OBJECTID","NCESID","NAME","ADDRESS","CITY","STATE","ZIP","ZIP4","TELEPHONE","TYPE","STATUS","POPULATION","COUNTY","COUNTYFIPS","COUNTRY","LATITUDE","LONGITUDE","NAICS_CODE","NAICS_DESC","SOURCE","SOURCEDATE","VAL_METHOD","VAL_DATE","WEBSITE","LEVEL_","ENROLLMENT","ST_GRADE","END_GRADE","DISTRICTID","FT_TEACHER","SHELTER_ID","CUSTOMER_FULL_DATA","CUSTOMER_FULL_DETAIL"
-81.050895171999969,29.022271111000059,2002,120192008041,"SAMSULA ACADEMY","248 N SAMSULA DR","NEW SMYRNA","FL",32168,"8762","(386) 423-6650",1,1,235,"VOLUSIA",12127,"USA",29.0222711110001,-81.0508951720000,611110,"ELEMENTARY AND SECONDARY SCHOOLS","http://nces.ed.gov/GLOBALLOCATOR/sch_info_popup.asp?Type=Public&ID=120192008041","2014-02-04 00:00:00.000","IMAGERY","2014-05-20 00:00:00.000","http://nces.ed.gov/GLOBALLOCATOR/sch_info_popup.asp?Type=Public&ID=120192008041","1",222,"KG","05",1201920,13,"NOT AVAILABLE","SAMSULA ACADEMY 248 N SAMSULA DR NEW SMYRNA FL 32168.00000","SAMSULA ACADEMY 248 N SAMSULA DR NEW SMYRNA FL 32168.00000"
-92.507288425999946,31.180659337000051,2003,220129002344,"CAROLINE DORMON JUNIOR HIGH SCHOOL","8906 HWY 165 SOUTH","WOODWORTH","LA",71485,"NOT AVAILABLE","(318) 473-4066",1,1,333,"RAPIDES",22079,"USA",31.1806593370001,-92.5072884259999,611110,"ELEMENTARY AND SECONDARY SCHOOLS","http://nces.ed.gov/GLOBALLOCATOR/sch_info_popup.asp?Type=Public&ID=220129002344","2015-05-08 00:00:00.000","IMAGERY/OTHER","2015-06-19 00:00:00.000","http://nces.ed.gov/GLOBALLOCATOR/sch_info_popup.asp?Type=Public&ID=220129002344","1",312,"PK","08",2201290,21,"NOT AVAILABLE","CAROLINE DORMON JUNIOR HIGH SCHOOL 8906 HWY 165 SOUTH WOODWORTH LA 71485.00000","CAROLINE DORMON JUNIOR HIGH SCHOOL 8906 HWY 165 SOUTH WOODWORTH LA 71485.00000"
-69.971879673999979,43.908147266000064,2004,230378023129,"HARRIET BEECHER STOWE ELEMENTARY","44 MCKEEN STREET","BRUNSWICK","ME",4011,"NOT AVAILABLE","(207) 319-1960",1,1,791,"CUMBERLAND",23005,"USA",43.9081472660001,-69.9718796740000,611110,"ELEMENTARY AND SECONDARY SCHOOLS","http://nces.ed.gov/GLOBALLOCATOR/sch_info_popup.asp?Type=Public&ID=230378023129","2014-02-04 00:00:00.000","IMAGERY","2014-05-07 00:00:00.000","http://nces.ed.gov/GLOBALLOCATOR/sch_info_popup.asp?Type=Public&ID=230378023129","1",739,"02","05",2303780,52,"NOT AVAILABLE","HARRIET BEECHER STOWE ELEMENTARY 44 MCKEEN STREET BRUNSWICK ME 4011.00000","HARRIET BEECHER STOWE ELEMENTARY 44 MCKEEN STREET BRUNSWICK ME 4011.00000"
-89.542799261999960,32.728496325000030,2005,280252001118,"LEAKE CENTRAL ELEMENTARY SCHOOL","603 HWY. 16 WEST","CARTHAGE","MS",39051,"NOT AVAILABLE","(601) 267-9148",1,1,1222,"LEAKE",28079,"USA",32.7284963250000,-89.5427992620000,611110,"ELEMENTARY AND SECONDARY SCHOOLS","http://nces.ed.gov/GLOBALLOCATOR/sch_info_popup.asp?Type=Public&ID=280252001118","2009-10-13 00:00:00.000","IMAGERY/OTHER","2010-07-06 00:00:00.000","http://nces.ed.gov/GLOBALLOCATOR/sch_info_popup.asp?Type=Public&ID=280252001118","1",1159,"PK","05",2802520,63,"NOT AVAILABLE","LEAKE CENTRAL ELEMENTARY SCHOOL 603 HWY. 16 WEST CARTHAGE MS 39051.00000","LEAKE CENTRAL ELEMENTARY SCHOOL 603 HWY. 16 WEST CARTHAGE MS 39051.00000"
-94.361775302999945,39.364359238000077,2006,291645000891,"KEARNEY ELEM.","902 S JEFFERSON","KEARNEY","MO",64060,"8518","(816) 628-4113",1,1,296,"CLAY",29047,"USA",39.3643592380001,-94.3617753029999,611110,"ELEMENTARY AND SECONDARY SCHOOLS","http://nces.ed.gov/GLOBALLOCATOR/sch_info_popup.asp?Type=Public&ID=291645000891","2009-10-13 00:00:00.000","IMAGERY/OTHER","2016-07-18 00:00:00.000","http://nces.ed.gov/GLOBALLOCATOR/sch_info_popup.asp?Type=Public&ID=291645000891","1",274,"KG","05",2916450,22,"NOT AVAILABLE","KEARNEY ELEM. 902 S JEFFERSON KEARNEY MO 64060.00000","KEARNEY ELEM. 902 S JEFFERSON KEARNEY MO 64060.00000"
-96.657221472999936,40.764351517000065,2007,317284001170,"POUND MIDDLE SCHOOL","4740 S 45TH ST","LINCOLN","NE",68516,"1799","(402) 436-1217",1,1,880,"LANCASTER",31109,"USA",40.7643515170001,-96.6572214729999,611110,"ELEMENTARY AND SECONDARY SCHOOLS","http://nces.ed.gov/GLOBALLOCATOR/sch_info_popup.asp?Type=Public&ID=317284001170","2009-12-10 00:00:00.000","IMAGERY/OTHER","2010-08-23 00:00:00.000","http://nces.ed.gov/GLOBALLOCATOR/sch_info_popup.asp?Type=Public&ID=317284001170","2",827,"06","08",3172840,53,"10786596","POUND MIDDLE SCHOOL 4740 S 45TH ST LINCOLN NE 68516.00000","POUND MIDDLE SCHOOL 4740 S 45TH ST LINCOLN NE 68516.00000"
-115.113301772999989,36.148722640000067,2008,320006000384,"JOHN F MILLER SCHOOL","3840 PECOS MCLEOD","LAS VEGAS","NV",89121,"NOT AVAILABLE","(702) 799-7401",2,1,141,"CLARK",32003,"USA",36.1487226400001,-115.1133017730000,611110,"ELEMENTARY AND SECONDARY SCHOOLS","http://nces.ed.gov/GLOBALLOCATOR/sch_info_popup.asp?Type=Public&ID=320006000384","2010-01-29 00:00:00.000","IMAGERY","2017-10-31 00:00:00.000","http://nces.ed.gov/GLOBALLOCATOR/sch_info_popup.asp?Type=Public&ID=320006000384","4",120,"PK","13",3200060,21,"NOT AVAILABLE","JOHN F MILLER SCHOOL 3840 PECOS MCLEOD LAS VEGAS NV 89121.00000","JOHN F MILLER SCHOOL 3840 PECOS MCLEOD LAS VEGAS NV 89121.00000"
-115.212888977999953,36.007520916000033,2009,320006000700,"LOIS & JERRY TARKANIAN MIDDLE SCHOOL","5800 W. PYLE AVE.","LAS VEGAS","NV",89141,"NOT AVAILABLE","(702) 799-6801",1,1,1810,"CLARK",32003,"USA",36.0075209160000,-115.2128889780000,611110,"ELEMENTARY AND SECONDARY SCHOOLS","http://nces.ed.gov/GLOBALLOCATOR/sch_info_popup.asp?Type=Public&ID=320006000700","2010-01-29 00:00:00.000","IMAGERY","2010-05-21 00:00:00.000","http://nces.ed.gov/GLOBALLOCATOR/sch_info_popup.asp?Type=Public&ID=320006000700","2",1739,"06","08",3200060,71,"NOT AVAILABLE","LOIS & JERRY TARKANIAN MIDDLE SCHOOL 5800 W. PYLE AVE. LAS VEGAS NV 89141.00000","LOIS & JERRY TARKANIAN MIDDLE SCHOOL 5800 W. PYLE AVE. LAS VEGAS NV 89141.00000"
-74.448768412999982,39.375790673000040,2010,340096000030,"VENICE PARK SCHOOL","1601 N PENROSE AVENUE","ATLANTIC CITY","NJ",8401,"1710","(609) 343-7270",1,1,100,"ATLANTIC",34001,"USA",39.3757906730000,-74.4487684130000,611110,"ELEMENTARY AND SECONDARY SCHOOLS","http://nces.ed.gov/GLOBALLOCATOR/sch_info_popup.asp?Type=Public&ID=340096000030","2009-12-10 00:00:00.000","IMAGERY/OTHER","2010-06-28 00:00:00.000","http://nces.ed.gov/GLOBALLOCATOR/sch_info_popup.asp?Type=Public&ID=340096000030","1",90,"PK","PK",3400960,10,"NOT AVAILABLE","VENICE PARK SCHOOL 1601 N PENROSE AVENUE ATLANTIC CITY NJ 8401.00000","VENICE PARK SCHOOL 1601 N PENROSE AVENUE ATLANTIC CITY NJ 8401.00000"
-74.348629384999981,40.644444080000028,2011,341776005764,"WESTFIELD SENIOR HIGH SCHOOL","550 DORIAN RD","WESTFIELD","NJ",7090,"3302","(908) 789-4500",1,1,2009,"UNION",34039,"USA",40.6444440800000,-74.3486293850000,611110,"ELEMENTARY AND SECONDARY SCHOOLS","http://nces.ed.gov/GLOBALLOCATOR/sch_info_popup.asp?Type=Public&ID=341776005764","2010-01-29 00:00:00.000","IMAGERY/OTHER","2011-11-04 00:00:00.000","http://nces.ed.gov/GLOBALLOCATOR/sch_info_popup.asp?Type=Public&ID=341776005764","3",1854,"09","12",3417760,155,"10808941","WESTFIELD SENIOR HIGH SCHOOL 550 DORIAN RD WESTFIELD NJ 7090.00000","WESTFIELD SENIOR HIGH SCHOOL 550 DORIAN RD WESTFIELD NJ 7090.00000"
-106.614674109999953,31.835315593000072,2012,350108000660,"SANTA TERESA MIDDLE","4800 MCNUTT RD","SANTA TERESA","NM",88008,"NOT AVAILABLE","(505) 882-6203",1,1,648,"DOÑA ANA",35013,"USA",31.8353155930001,-106.6146741100000,611110,"ELEMENTARY AND SECONDARY SCHOOLS","http://nces.ed.gov/GLOBALLOCATOR/sch_info_popup.asp?Type=Public&ID=350108000660","2010-01-29 00:00:00.000","IMAGERY","2010-05-25 00:00:00.000","http://nces.ed.gov/GLOBALLOCATOR/sch_info_popup.asp?Type=Public&ID=350108000660","2",605,"07","08",3501080,43,"NOT AVAILABLE","SANTA TERESA MIDDLE 4800 MCNUTT RD SANTA TERESA NM 88008.00000","SANTA TERESA MIDDLE 4800 MCNUTT RD SANTA TERESA NM 88008.00000"
-108.732369248999987,35.521107061000066,2013,350111000304,"GALLUP MIDDLE","1001 SOUTH GRANDVIEW","GALLUP","NM",87301,"NOT AVAILABLE","(505) 721-1051",1,1,451,"MCKINLEY",35031,"USA",35.5211070610001,-108.7323692490000,611110,"ELEMENTARY AND SECONDARY SCHOOLS","http://nces.ed.gov/GLOBALLOCATOR/sch_info_popup.asp?Type=Public&ID=350111000304","2009-10-13 00:00:00.000","IMAGERY/OTHER","2016-08-15 00:00:00.000","http://nces.ed.gov/GLOBALLOCATOR/sch_info_popup.asp?Type=Public&ID=350111000304","2",421,"06","08",3501110,30,"NOT AVAILABLE","GALLUP MIDDLE 1001 SOUTH GRANDVIEW GALLUP NM 87301.00000","GALLUP MIDDLE 1001 SOUTH GRANDVIEW GALLUP NM 87301.00000"
-74.011486736999984,40.648788271000043,2014,360009202041,"PS 1 BERGEN (THE)","309 47TH ST","BROOKLYN","NY",11220,"NOT AVAILABLE","(718) 567-7661",1,1,1364,"KINGS",36047,"USA",40.6487882710001,-74.0114867370000,611110,"ELEMENTARY AND SECONDARY SCHOOLS","http://nces.ed.gov/GLOBALLOCATOR/sch_info_popup.asp?Type=Public&ID=360009202041","2010-01-29 00:00:00.000","IMAGERY/OTHER","2010-05-13 00:00:00.000","http://nces.ed.gov/GLOBALLOCATOR/sch_info_popup.asp?Type=Public&ID=360009202041","1",1272,"PK","05",3600092,92,"10824643","PS 1 BERGEN (THE) 309 47TH ST BROOKLYN NY 11220.00000","PS 1 BERGEN (THE) 309 47TH ST BROOKLYN NY 11220.00000"
-73.910967635999953,40.635370829000067,2015,360009602283,"IS 68 ISAAC BILDERSEE","956 E 82ND ST","BROOKLYN","NY",11236,"3831","(718) 241-4800",1,1,601,"KINGS",36047,"USA",40.6353708290001,-73.9109676360000,611110,"ELEMENTARY AND SECONDARY SCHOOLS","http://nces.ed.gov/GLOBALLOCATOR/sch_info_popup.asp?Type=Public&ID=360009602283","2009-10-13 00:00:00.000","IMAGERY/OTHER","2010-05-12 00:00:00.000","http://nces.ed.gov/GLOBALLOCATOR/sch_info_popup.asp?Type=Public&ID=360009602283","2",555,"06","08",3600096,46,"NOT AVAILABLE","IS 68 ISAAC BILDERSEE 956 E 82ND ST BROOKLYN NY 11236.00000","IS 68 ISAAC BILDERSEE 956 E 82ND ST BROOKLYN NY 11236.00000"
-73.774420148999980,40.679970311000027,2016,360010002140,"PS 30","126-10 BEDELL ST","JAMAICA","NY",11434,"3141","(718) 276-8785",1,2,-999,"QUEENS",36081,"USA",40.6799703110000,-73.7744201490000,611110,"ELEMENTARY AND SECONDARY SCHOOLS","http://nces.ed.gov/GLOBALLOCATOR/sch_info_popup.asp?Type=Public&ID=360010002140","2009-10-13 00:00:00.000","IMAGERY/OTHER","2010-05-17 00:00:00.000","http://nces.ed.gov/GLOBALLOCATOR/sch_info_popup.asp?Type=Public&ID=360010002140","N",-1,"04","05",3600100,-1,"NOT AVAILABLE","PS 30 126-10 BEDELL ST JAMAICA NY 11434.00000","PS 30 126-10 BEDELL ST JAMAICA NY 11434.00000"
-72.938649265999970,40.877232799000062,2017,361923004513,"LONGWOOD MIDDLE SCHOOL","41 YAPHNK-MID ISL RD","MIDDLE ISLAND","NY",11953,"2369","(631) 345-2736",1,1,1494,"SUFFOLK",36103,"USA",40.8772327990001,-72.9386492660000,611110,"ELEMENTARY AND SECONDARY SCHOOLS","http://nces.ed.gov/GLOBALLOCATOR/sch_info_popup.asp?Type=Public&ID=361923004513","2010-01-29 00:00:00.000","IMAGERY/OTHER","2010-07-20 00:00:00.000","http://nces.ed.gov/GLOBALLOCATOR/sch_info_popup.asp?Type=Public&ID=361923004513","2",1410,"05","06",3619230,84,"10780309","LONGWOOD MIDDLE SCHOOL 41 YAPHNK-MID ISL RD MIDDLE ISLAND NY 11953.00000","LONGWOOD MIDDLE SCHOOL 41 YAPHNK-MID ISL RD MIDDLE ISLAND NY 11953.00000"
-73.581401511999957,43.105865053000059,2018,362616003602,"SCHUYLERVILLE HIGH SCHOOL","14 SPRING ST","SCHUYLERVILLE","NY",12871,"1098","(518) 695-3255",1,1,603,"SARATOGA",36091,"USA",43.1058650530001,-73.5814015120000,611110,"ELEMENTARY AND SECONDARY SCHOOLS","http://nces.ed.gov/GLOBALLOCATOR/sch_info_popup.asp?Type=Public&ID=362616003602","2010-01-29 00:00:00.000","IMAGERY","2010-06-10 00:00:00.000","http://nces.ed.gov/GLOBALLOCATOR/sch_info_popup.asp?Type=Public&ID=362616003602","3",565,"09","12",3626160,38,"10775686","SCHUYLERVILLE HIGH SCHOOL 14 SPRING ST SCHUYLERVILLE NY 12871.00000","SCHUYLERVILLE HIGH SCHOOL 14 SPRING ST SCHUYLERVILLE NY 12871.00000"
-77.215036618999989,36.157982047000075,2019,370036000106,"WEST BERTIE ELEMENTARY","3734 GOVERNORS ROAD","KELFORD","NC",27847,"NOT AVAILABLE","(252) 344-7621",1,1,319,"BERTIE",37015,"USA",36.1579820470001,-77.2150366190000,611110,"ELEMENTARY AND SECONDARY SCHOOLS","http://nces.ed.gov/GLOBALLOCATOR/sch_info_popup.asp?Type=Public&ID=370036000106","2010-01-29 00:00:00.000","IMAGERY/OTHER","2010-06-23 00:00:00.000","http://nces.ed.gov/GLOBALLOCATOR/sch_info_popup.asp?Type=Public&ID=370036000106","1",299,"PK","05",3700360,20,"NOT AVAILABLE","WEST BERTIE ELEMENTARY 3734 GOVERNORS ROAD KELFORD NC 27847.00000","WEST BERTIE ELEMENTARY 3734 GOVERNORS ROAD KELFORD NC 27847.00000"
-82.894870941999955,35.532563057000054,2020,370204000899,"CLYDE ELEMENTARY","4182 OLD CLYDE ROAD","CLYDE","NC",28721,"NOT AVAILABLE","(828) 627-2206",1,1,518,"HAYWOOD",37087,"USA",35.5325630570001,-82.8948709420000,611110,"ELEMENTARY AND SECONDARY SCHOOLS","http://nces.ed.gov/GLOBALLOCATOR/sch_info_popup.asp?Type=Public&ID=370204000899","2009-10-13 00:00:00.000","IMAGERY","2013-05-28 00:00:00.000","http://nces.ed.gov/GLOBALLOCATOR/sch_info_popup.asp?Type=Public&ID=370204000899","1",481,"KG","05",3702040,37,"NOT AVAILABLE","CLYDE ELEMENTARY 4182 OLD CLYDE ROAD CLYDE NC 28721.00000","CLYDE ELEMENTARY 4182 OLD CLYDE ROAD CLYDE NC 28721.00000"
-84.254249214999959,39.769757130000073,2021,390438405102,"GARDENDALE ACADEMY","1733 N GETTYSBURG AVE","DAYTON","OH",45427,"3455","(937) 268-6636",1,2,-999,"MONTGOMERY",39113,"USA",39.7697571300001,-84.2542492150000,611110,"ELEMENTARY AND SECONDARY SCHOOLS","http://nces.ed.gov/GLOBALLOCATOR/sch_info_popup.asp?Type=Public&ID=390438405102","2009-10-13 00:00:00.000","IMAGERY/OTHER","2016-08-29 00:00:00.000","http://nces.ed.gov/GLOBALLOCATOR/sch_info_popup.asp?Type=Public&ID=390438405102","N",-1,"01","12",3904384,-1,"NOT AVAILABLE","GARDENDALE ACADEMY 1733 N GETTYSBURG AVE DAYTON OH 45427.00000","GARDENDALE ACADEMY 1733 N GETTYSBURG AVE DAYTON OH 45427.00000"
-84.179711560999976,40.469036565000060,2022,390497603686,"BOTKINS ELEMENTARY SCHOOL","208 N SYCAMORE ST","BOTKINS","OH",45306,"0550","(937) 693-4241",1,1,363,"SHELBY",39149,"USA",40.4690365650001,-84.1797115610000,611110,"ELEMENTARY AND SECONDARY SCHOOLS","http://nces.ed.gov/GLOBALLOCATOR/sch_info_popup.asp?Type=Public&ID=390497603686","2009-10-13 00:00:00.000","IMAGERY/OTHER","2016-08-29 00:00:00.000","http://nces.ed.gov/GLOBALLOCATOR/sch_info_popup.asp?Type=Public&ID=390497603686","1",363,"KG","06",3904976,-1,"10789083","BOTKINS ELEMENTARY SCHOOL 208 N SYCAMORE ST BOTKINS OH 45306.00000","BOTKINS ELEMENTARY SCHOOL 208 N SYCAMORE ST BOTKINS OH 45306.00000"
-83.652756380999946,41.034707381000025,2023,391000000948,"LINCOLN ELEMENTARY SCHOOL","200 W LINCOLN ST","FINDLAY","OH",45840,"3138","(419) 425-8310",1,1,395,"HANCOCK",39063,"USA",41.0347073810000,-83.6527563810000,611110,"ELEMENTARY AND SECONDARY SCHOOLS","http://nces.ed.gov/GLOBALLOCATOR/sch_info_popup.asp?Type=Public&ID=391000000948","2009-10-13 00:00:00.000","IMAGERY/OTHER","2016-08-26 00:00:00.000","http://nces.ed.gov/GLOBALLOCATOR/sch_info_popup.asp?Type=Public&ID=391000000948","1",395,"KG","05",3910000,-1,"NOT AVAILABLE","LINCOLN ELEMENTARY SCHOOL 200 W LINCOLN ST FINDLAY OH 45840.00000","LINCOLN ELEMENTARY SCHOOL 200 W LINCOLN ST FINDLAY OH 45840.00000"
-122.607640425999989,45.451250852000037,2024,410883000085,"LEWELLING ELEMENTARY SCHOOL","5325 SE LOGUS RD","MILWAUKIE","OR",97222,"4299","(503) 353-5440",1,1,397,"CLACKAMAS",41005,"USA",45.4512508520000,-122.6076404260000,611110,"ELEMENTARY AND SECONDARY SCHOOLS","http://nces.ed.gov/GLOBALLOCATOR/sch_info_popup.asp?Type=Public&ID=410883000085","2010-01-29 00:00:00.000","IMAGERY/OTHER","2010-08-02 00:00:00.000","http://nces.ed.gov/GLOBALLOCATOR/sch_info_popup.asp?Type=Public&ID=410883000085","1",380,"KG","05",4108830,17,"NOT AVAILABLE","LEWELLING ELEMENTARY SCHOOL 5325 SE LOGUS RD MILWAUKIE OR 97222.00000","LEWELLING ELEMENTARY SCHOOL 5325 SE LOGUS RD MILWAUKIE OR 97222.00000"
-71.494975527999941,41.446589911000039,2025,440102000265,"SOUTH KINGSTOWN HIGH","215 COLUMBIA STREET","WAKEFIELD","RI",2879,"NOT AVAILABLE","(401) 360-1000",1,1,1128,"WASHINGTON",44009,"USA",41.4465899110000,-71.4949755279999,611110,"ELEMENTARY AND SECONDARY SCHOOLS","http://nces.ed.gov/GLOBALLOCATOR/sch_info_popup.asp?Type=Public&ID=440102000265","2010-01-29 00:00:00.000","IMAGERY","2010-04-01 00:00:00.000","http://nces.ed.gov/GLOBALLOCATOR/sch_info_popup.asp?Type=Public&ID=440102000265","3",1042,"09","12",4401020,86,"10818763","SOUTH KINGSTOWN HIGH 215 COLUMBIA STREET WAKEFIELD RI 2879.00000","SOUTH KINGSTOWN HIGH 215 COLUMBIA STREET WAKEFIELD RI 2879.00000"
-103.549921974999947,44.211443201000051,2026,464130001145,"LEAD-DEADWOOD CAREER & TECH. ED. - 10","22023 JOB CORPS CTR","NEMO","SD",57759,"NOT AVAILABLE","(605) 578-2371",4,1,125,"LAWRENCE",46081,"USA",44.2114432010001,-103.5499219750000,611110,"ELEMENTARY AND SECONDARY SCHOOLS","http://nces.ed.gov/GLOBALLOCATOR/sch_info_popup.asp?Type=Public&ID=464130001145","2010-01-29 00:00:00.000","GEOCODE","2010-08-24 00:00:00.000","http://nces.ed.gov/GLOBALLOCATOR/sch_info_popup.asp?Type=Public&ID=464130001145","3",111,"09","12",4641300,14,"NOT AVAILABLE","LEAD-DEADWOOD CAREER & TECH. ED. - 10 22023 JOB CORPS CTR NEMO SD 57759.00000","LEAD-DEADWOOD CAREER & TECH. ED. - 10 22023 JOB CORPS CTR NEMO SD 57759.00000"
-86.684897949999936,35.964685844000023,2027,470453002098,"SUNSET MIDDLE SCHOOL","200 SUNSET TR","BRENTWOOD","TN",37027,"NOT AVAILABLE","(615) 472-5020",1,1,899,"WILLIAMSON",47187,"USA",35.9646858440000,-86.6848979499999,611110,"ELEMENTARY AND SECONDARY SCHOOLS","http://nces.ed.gov/GLOBALLOCATOR/sch_info_popup.asp?Type=Public&ID=470453002098","2010-01-29 00:00:00.000","IMAGERY/OTHER","2010-07-07 00:00:00.000","http://nces.ed.gov/GLOBALLOCATOR/sch_info_popup.asp?Type=Public&ID=470453002098","2",851,"06","08",4704530,48,"NOT AVAILABLE","SUNSET MIDDLE SCHOOL 200 SUNSET TR BRENTWOOD TN 37027.00000","SUNSET MIDDLE SCHOOL 200 SUNSET TR BRENTWOOD TN 37027.00000"
-96.738858180999955,32.808610315000067,2028,480008908160,"LUMIN LINDSLEY PARK COMMUNITY SCHOOL","7130 LINDSLEY AVE","DALLAS","TX",75223,"1138","(214) 321-9155",1,1,286,"DALLAS",48113,"USA",32.8086103150001,-96.7388581810000,611110,"ELEMENTARY AND SECONDARY SCHOOLS","http://nces.ed.gov/GLOBALLOCATOR/sch_info_popup.asp?Type=Public&ID=480008908160","2010-01-29 00:00:00.000","IMAGERY","2010-03-26 00:00:00.000","http://nces.ed.gov/GLOBALLOCATOR/sch_info_popup.asp?Type=Public&ID=480008908160","1",272,"PK","03",4800089,14,"NOT AVAILABLE","LUMIN LINDSLEY PARK COMMUNITY SCHOOL 7130 LINDSLEY AVE DALLAS TX 75223.00000","LUMIN LINDSLEY PARK COMMUNITY SCHOOL 7130 LINDSLEY AVE DALLAS TX 75223.00000"
-97.536398882999947,25.952745289000060,2029,481168012099,"KELLER EL","2540 W ALTON GLOOR","BROWNSVILLE","TX",78520,"NOT AVAILABLE","(956) 547-4400",1,1,729,"CAMERON",48061,"USA",25.9527452890001,-97.5363988829999,611110,"ELEMENTARY AND SECONDARY SCHOOLS","http://nces.ed.gov/GLOBALLOCATOR/sch_info_popup.asp?Type=Public&ID=481168012099","2011-08-04 00:00:00.000","GEOCODE","2013-05-28 00:00:00.000","http://nces.ed.gov/GLOBALLOCATOR/sch_info_popup.asp?Type=Public&ID=481168012099","1",686,"PK","05",4811680,43,"NOT AVAILABLE","KELLER EL 2540 W ALTON GLOOR BROWNSVILLE TX 78520.00000","KELLER EL 2540 W ALTON GLOOR BROWNSVILLE TX 78520.00000"
-95.899639150000000,33.246590578000045,2030,481482008669,"SUMMITT HOUSE","3315 WASHINGTON ST","COMMERCE","TX",75428,"NOT AVAILABLE","(903) 886-3764",4,1,2,"HUNT",48231,"USA",33.2465905780001,-95.8996391500000,611110,"ELEMENTARY AND SECONDARY SCHOOLS","http://nces.ed.gov/GLOBALLOCATOR/sch_info_popup.asp?Type=Public&ID=481482008669","2010-01-29 00:00:00.000","GEOCODE","2017-10-31 00:00:00.000","http://nces.ed.gov/GLOBALLOCATOR/sch_info_popup.asp?Type=Public&ID=481482008669","4",0,"KG","12",4814820,2,"NOT AVAILABLE","SUMMITT HOUSE 3315 WASHINGTON ST COMMERCE TX 75428.00000","SUMMITT HOUSE 3315 WASHINGTON ST COMMERCE TX 75428.00000"
-97.390782066999975,32.873272037000042,2031,481770011869,"NORTHBROOK EL","2500 CANTRELL SANSOM RD","FORT WORTH","TX",76131,"NOT AVAILABLE","(817) 232-0086",1,1,695,"TARRANT",48439,"USA",32.8732720370000,-97.3907820670000,611110,"ELEMENTARY AND SECONDARY SCHOOLS","http://nces.ed.gov/GLOBALLOCATOR/sch_info_popup.asp?Type=Public&ID=481770011869","2010-01-29 00:00:00.000","GEOCODE","2017-10-31 00:00:00.000","http://nces.ed.gov/GLOBALLOCATOR/sch_info_popup.asp?Type=Public&ID=481770011869","1",653,"PK","05",4817700,42,"NOT AVAILABLE","NORTHBROOK EL 2500 CANTRELL SANSOM RD FORT WORTH TX 76131.00000","NORTHBROOK EL 2500 CANTRELL SANSOM RD FORT WORTH TX 76131.00000"
-95.185569134000000,29.841029785000039,2032,482025006973,"HIGHPOINT SCHOOL EAST (DAEP)","8003 E SAM HOUSTON PKWY, N HY 90","HOUSTON","TX",77049,"2305","(281) 459-1190",4,1,9,"HARRIS",48201,"USA",29.8410297850000,-95.1855691340000,611110,"ELEMENTARY AND SECONDARY SCHOOLS","http://nces.ed.gov/GLOBALLOCATOR/sch_info_popup.asp?Type=Public&ID=482025006973","2010-01-29 00:00:00.000","IMAGERY/OTHER","2010-03-19 00:00:00.000","http://nces.ed.gov/GLOBALLOCATOR/sch_info_popup.asp?Type=Public&ID=482025006973","3",9,"08","12",4820250,-1,"NOT AVAILABLE","HIGHPOINT SCHOOL EAST (DAEP) 8003 E SAM HOUSTON PKWY, N HY 90 HOUSTON TX 77049.00000","HIGHPOINT SCHOOL EAST (DAEP) 8003 E SAM HOUSTON PKWY, N HY 90 HOUSTON TX 77049.00000"
-77.155540865999967,38.918485953000079,2033,510126000448,"CHESTERBROOK ELEM","1753 KIRBY RD","MCLEAN","VA",22101,"NOT AVAILABLE","(703) 714-8200",1,1,734,"FAIRFAX",51059,"USA",38.9184859530001,-77.1555408660000,611110,"ELEMENTARY AND SECONDARY SCHOOLS","http://nces.ed.gov/GLOBALLOCATOR/sch_info_popup.asp?Type=Public&ID=510126000448","2009-10-13 00:00:00.000","IMAGERY/OTHER","2010-05-20 00:00:00.000","http://nces.ed.gov/GLOBALLOCATOR/sch_info_popup.asp?Type=Public&ID=510126000448","1",692,"PK","06",5101260,42,"NOT AVAILABLE","CHESTERBROOK ELEM 1753 KIRBY RD MCLEAN VA 22101.00000","CHESTERBROOK ELEM 1753 KIRBY RD MCLEAN VA 22101.00000"
-88.344382864999943,44.219931134000028,2034,550747002641,"WOODLAND SCHOOL","N9085 N COOP RD","APPLETON","WI",54915,"NOT AVAILABLE","(920) 730-0924",1,1,548,"CALUMET",55015,"USA",44.2199311340000,-88.3443828649999,611110,"ELEMENTARY AND SECONDARY SCHOOLS","http://nces.ed.gov/GLOBALLOCATOR/sch_info_popup.asp?Type=Public&ID=550747002641","2010-01-29 00:00:00.000","IMAGERY/OTHER","2013-01-04 00:00:00.000","http://nces.ed.gov/GLOBALLOCATOR/sch_info_popup.asp?Type=Public&ID=550747002641","1",548,"PK","04",5507470,-1,"NOT AVAILABLE","WOODLAND SCHOOL N9085 N COOP RD APPLETON WI 54915.00000","WOODLAND SCHOOL N9085 N COOP RD APPLETON WI 54915.00000"
-87.927895845999956,43.058366311000043,2035,550960002860,"MILWAUKEE COLLEGE PREPARATORY SCHOOL -- LLOYD STREET","1228 W LLOYD ST, STE 100","MILWAUKEE","WI",53205,"1243","(414) 264-6000",1,1,494,"MILWAUKEE",55079,"USA",43.0583663110000,-87.9278958460000,611110,"ELEMENTARY AND SECONDARY SCHOOLS","http://nces.ed.gov/GLOBALLOCATOR/sch_info_popup.asp?Type=Public&ID=550960002860","2014-02-04 00:00:00.000","IMAGERY/OTHER","2014-05-12 00:00:00.000","http://nces.ed.gov/GLOBALLOCATOR/sch_info_popup.asp?Type=Public&ID=550960002860","1",494,"PK","08",5509600,-1,"NOT AVAILABLE","MILWAUKEE COLLEGE PREPARATORY SCHOOL -- LLOYD STREET 1228 W LLOYD ST, STE 100 MILWAUKEE WI 53205.00000","MILWAUKEE COLLEGE PREPARATORY SCHOOL -- LLOYD STREET 1228 W LLOYD ST, STE 100 MILWAUKEE WI 53205.00000"
-66.147616932999938,18.165289509000029,2036,720003000163,"SANTA CLARA","CARR 734 KM 1 BO ARENAS SECTOR","CIDRA","PR",739,"NOT AVAILABLE","(787) 739-5623",1,2,-999,"CIDRA",72041,"PRI",18.1652895090000,-66.1476169329999,611110,"ELEMENTARY AND SECONDARY SCHOOLS","http://nces.ed.gov/GLOBALLOCATOR/sch_info_popup.asp?Type=Public&ID=720003000163","2010-01-29 00:00:00.000","GEOCODE","2010-09-17 00:00:00.000","http://nces.ed.gov/GLOBALLOCATOR/sch_info_popup.asp?Type=Public&ID=720003000163","N",-1,"07","07",7200030,-1,"NOT AVAILABLE","SANTA CLARA CARR 734 KM 1 BO ARENAS SECTOR CIDRA PR 739.00000","SANTA CLARA CARR 734 KM 1 BO ARENAS SECTOR CIDRA PR 739.00000"
-66.870124757999974,18.301595063000022,2037,720003000668,"LUIS FELIPE RODRIGUEZ GARCIA","CARR  483 KM 13 HM 1 BO PIEDRA","ARECIBO","PR",614,"NOT AVAILABLE","(787) 787-1240",1,1,450,"LARES",72081,"PRI",18.3015950630000,-66.8701247580000,611110,"ELEMENTARY AND SECONDARY SCHOOLS","http://nces.ed.gov/GLOBALLOCATOR/sch_info_popup.asp?Type=Public&ID=720003000668","2010-01-29 00:00:00.000","GEOCODE","2017-10-31 00:00:00.000","http://nces.ed.gov/GLOBALLOCATOR/sch_info_popup.asp?Type=Public&ID=720003000668","1",414,"KG","06",7200030,36,"NOT AVAILABLE","LUIS FELIPE RODRIGUEZ GARCIA CARR  483 KM 13 HM 1 BO PIEDRA ARECIBO PR 614.00000","LUIS FELIPE RODRIGUEZ GARCIA CARR  483 KM 13 HM 1 BO PIEDRA ARECIBO PR 614.00000"
-65.959850493999966,18.396758508000058,2038,720003001477,"LUZ AMERICA CALDERON","AVE CENTRAL BOULEVAR 18 VC","CAROLINA","PR",985,"NOT AVAILABLE","(787) 768-4044",1,1,619,"CAROLINA",72031,"PRI",18.3967585080001,-65.9598504940000,611110,"ELEMENTARY AND SECONDARY SCHOOLS","http://nces.ed.gov/GLOBALLOCATOR/sch_info_popup.asp?Type=Public&ID=720003001477","2010-01-29 00:00:00.000","IMAGERY/OTHER","2010-09-16 00:00:00.000","http://nces.ed.gov/GLOBALLOCATOR/sch_info_popup.asp?Type=Public&ID=720003001477","3",587,"10","12",7200030,32,"NOT AVAILABLE","LUZ AMERICA CALDERON AVE CENTRAL BOULEVAR 18 VC CAROLINA PR 985.00000","LUZ AMERICA CALDERON AVE CENTRAL BOULEVAR 18 VC CAROLINA PR 985.00000"
-66.572170000000000,18.248790000000000,2039,720003001882,"ADRIAN TORRES TORRES","CARR 141-R KM 2 HM 1 SECTOR PU, SECTOR PUEBLO","JAYUYA","PR",664,"NOT AVAILABLE","(787) 828-3445",1,1,393,"JAYUYA",72073,"PRI",18.2487900000000,-66.5721700000000,611110,"ELEMENTARY AND SECONDARY SCHOOLS","http://nces.ed.gov/GLOBALLOCATOR/sch_info_popup.asp?Type=Public&ID=720003001882","2010-09-24 00:00:00.000","GEOCODE","2010-09-24 00:00:00.000","http://nces.ed.gov/GLOBALLOCATOR/sch_info_popup.asp?Type=Public&ID=720003001882","2",367,"07","09",7200030,26,"NOT AVAILABLE","ADRIAN TORRES TORRES CARR 141-R KM 2 HM 1 SECTOR PU, SECTOR PUEBLO JAYUYA PR 664.00000","ADRIAN TORRES TORRES CARR 141-R KM 2 HM 1 SECTOR PU, SECTOR PUEBLO JAYUYA PR 664.00000"
-118.199836750999964,33.979092197000057,2040,62271012695,"MAGNOLIA SCIENCE ACADEMY BELL","6411 ORCHARD AVE.","BELL","CA",90201,"1023","NOT AVAILABLE",1,1,511,"LOS ANGELES",6037,"USA",33.9790921970001,-118.1998367510000,611110,"ELEMENTARY AND SECONDARY SCHOOLS","http://nces.ed.gov/GLOBALLOCATOR/sch_info_popup.asp?Type=Public&ID=062271012695","2014-02-04 00:00:00.000","IMAGERY","2014-05-16 00:00:00.000","http://nces.ed.gov/GLOBALLOCATOR/sch_info_popup.asp?Type=Public&ID=062271012695","2",489,"06","08",622710,22,"NOT AVAILABLE","MAGNOLIA SCIENCE ACADEMY BELL 6411 ORCHARD AVE. BELL CA 90201.00000","MAGNOLIA SCIENCE ACADEMY BELL 6411 ORCHARD AVE. BELL CA 90201.00000"
-81.893237709999937,27.996231310000049,2041,120159001784,"MAYNARD A. TRAVISS CAREER CENTER","3225 WINTER LAKE RD","LAKELAND","FL",33803,"9709","(863) 499-2700",3,1,304,"POLK",12105,"USA",27.9962313100000,-81.8932377099999,611110,"ELEMENTARY AND SECONDARY SCHOOLS","http://nces.ed.gov/GLOBALLOCATOR/sch_info_popup.asp?Type=Public&ID=120159001784","2009-10-13 00:00:00.000","IMAGERY","2010-06-22 00:00:00.000","http://nces.ed.gov/GLOBALLOCATOR/sch_info_popup.asp?Type=Public&ID=120159001784","3",243,"08","12",1201590,61,"NOT AVAILABLE","MAYNARD A. TRAVISS CAREER CENTER 3225 WINTER LAKE RD LAKELAND FL 33803.00000","MAYNARD A. TRAVISS CAREER CENTER 3225 WINTER LAKE RD LAKELAND FL 33803.00000"
-84.142495207999957,34.136533814000067,2042,130222001610,"DAVES CREEK ELEMENTARY SCHOOL","3740 MELODY MIZER LN","CUMMING","GA",30041,"NOT AVAILABLE","(770) 888-1222",1,1,1287,"FORSYTH",13117,"USA",34.1365338140001,-84.1424952080000,611110,"ELEMENTARY AND SECONDARY SCHOOLS","http://nces.ed.gov/GLOBALLOCATOR/sch_info_popup.asp?Type=Public&ID=130222001610","2010-01-29 00:00:00.000","IMAGERY","2010-08-20 00:00:00.000","http://nces.ed.gov/GLOBALLOCATOR/sch_info_popup.asp?Type=Public&ID=130222001610","1",1221,"PK","05",1302220,66,"10810919","DAVES CREEK ELEMENTARY SCHOOL 3740 MELODY MIZER LN CUMMING GA 30041.00000","DAVES CREEK ELEMENTARY SCHOOL 3740 MELODY MIZER LN CUMMING GA 30041.00000"
-87.665682435999926,41.692186890000066,2043,170993001002,"MORGAN PARK HIGH SCHOOL","1744 W PRYOR AVE","CHICAGO","IL",60643,"3497","(773) 535-2550",1,1,1506,"COOK",17031,"USA",41.6921868900001,-87.6656824359999,611110,"ELEMENTARY AND SECONDARY SCHOOLS","http://nces.ed.gov/GLOBALLOCATOR/sch_info_popup.asp?Type=Public&ID=170993001002","2009-10-13 00:00:00.000","IMAGERY/OTHER","2016-04-01 00:00:00.000","http://nces.ed.gov/GLOBALLOCATOR/sch_info_popup.asp?Type=Public&ID=170993001002","3",1425,"07","12",1709930,81,"NOT AVAILABLE","MORGAN PARK HIGH SCHOOL 1744 W PRYOR AVE CHICAGO IL 60643.00000","MORGAN PARK HIGH SCHOOL 1744 W PRYOR AVE CHICAGO IL 60643.00000"
-87.771385996999967,38.420285997000057,2044,174047004373,"NORTH INTERMEDIATE CTR OF EDUC","1300 N WALNUT ST","MOUNT CARMEL","IL",62863,"1257","(618) 263-3876",1,1,475,"WABASH",17185,"USA",38.4202859970001,-87.7713859970000,611110,"ELEMENTARY AND SECONDARY SCHOOLS","http://nces.ed.gov/GLOBALLOCATOR/sch_info_popup.asp?Type=Public&ID=174047004373","2010-01-29 00:00:00.000","IMAGERY/OTHER","2010-09-07 00:00:00.000","http://nces.ed.gov/GLOBALLOCATOR/sch_info_popup.asp?Type=Public&ID=174047004373","1",451,"03","05",1740470,24,"NOT AVAILABLE","NORTH INTERMEDIATE CTR OF EDUC 1300 N WALNUT ST MOUNT CARMEL IL 62863.00000","NORTH INTERMEDIATE CTR OF EDUC 1300 N WALNUT ST MOUNT CARMEL IL 62863.00000"
-86.490788096999935,38.740575270000079,2045,180690001196,"HATFIELD ELEMENTARY SCHOOL","1081 TEKE BURTON DR","MITCHELL","IN",47446,"9801","(812) 849-3834",1,1,423,"LAWRENCE",18093,"USA",38.7405752700001,-86.4907880970000,611110,"ELEMENTARY AND SECONDARY SCHOOLS","http://nces.ed.gov/GLOBALLOCATOR/sch_info_popup.asp?Type=Public&ID=180690001196","2010-01-29 00:00:00.000","IMAGERY/OTHER","2010-08-03 00:00:00.000","http://nces.ed.gov/GLOBALLOCATOR/sch_info_popup.asp?Type=Public&ID=180690001196","1",398,"PK","02",1806900,25,"NOT AVAILABLE","HATFIELD ELEMENTARY SCHOOL 1081 TEKE BURTON DR MITCHELL IN 47446.00000","HATFIELD ELEMENTARY SCHOOL 1081 TEKE BURTON DR MITCHELL IN 47446.00000"
-97.120611670999949,37.384478117000072,2046,201239001203,"UDALL HIGH","301 W. 4TH ST.","UDALL","KS",67146,"NOT AVAILABLE","(620) 782-3623",1,1,121,"COWLEY",20035,"USA",37.3844781170001,-97.1206116709999,611110,"ELEMENTARY AND SECONDARY SCHOOLS","http://nces.ed.gov/GLOBALLOCATOR/sch_info_popup.asp?Type=Public&ID=201239001203","2010-01-29 00:00:00.000","IMAGERY","2010-09-02 00:00:00.000","http://nces.ed.gov/GLOBALLOCATOR/sch_info_popup.asp?Type=Public&ID=201239001203","3",109,"09","12",2012390,12,"NOT AVAILABLE","UDALL HIGH 301 W. 4TH ST. UDALL KS 67146.00000","UDALL HIGH 301 W. 4TH ST. UDALL KS 67146.00000"
-86.445365900000000,36.994331400000078,2047,210057001911,"WARREN REGIONAL JUVENILE DETENTION CTR","1020 KENTUCKY ST","BOWLING GREEN","KY",42102,"NOT AVAILABLE","(270) 746-7155",4,1,26,"WARREN",21227,"USA",36.9943314000001,-86.4453659000000,611110,"ELEMENTARY AND SECONDARY SCHOOLS","http://nces.ed.gov/GLOBALLOCATOR/sch_info_popup.asp?Type=Public&ID=210057001911","2010-01-29 00:00:00.000","IMAGERY/OTHER","2012-11-13 00:00:00.000","http://nces.ed.gov/GLOBALLOCATOR/sch_info_popup.asp?Type=Public&ID=210057001911","4",22,"06","12",2100570,4,"NOT AVAILABLE","WARREN REGIONAL JUVENILE DETENTION CTR 1020 KENTUCKY ST BOWLING GREEN KY 42102.00000","WARREN REGIONAL JUVENILE DETENTION CTR 1020 KENTUCKY ST BOWLING GREEN KY 42102.00000"
-85.922012478999989,44.850267782000053,2048,261602005253,"MAPLE CITY-GLEN LAKE JR/SR HIGH SCHOOL","3375 WEST BURDICKVILLE RD","MAPLE CITY","MI",49664,"8753","(231) 334-3061",1,1,394,"LEELANAU",26089,"USA",44.8502677820001,-85.9220124790000,611110,"ELEMENTARY AND SECONDARY SCHOOLS","http://nces.ed.gov/GLOBALLOCATOR/sch_info_popup.asp?Type=Public&ID=261602005253","2010-01-29 00:00:00.000","IMAGERY","2010-02-10 00:00:00.000","http://nces.ed.gov/GLOBALLOCATOR/sch_info_popup.asp?Type=Public&ID=261602005253","3",366,"07","12",2616020,28,"10815319","MAPLE CITY-GLEN LAKE JR/SR HIGH SCHOOL 3375 WEST BURDICKVILLE RD MAPLE CITY MI 49664.00000","MAPLE CITY-GLEN LAKE JR/SR HIGH SCHOOL 3375 WEST BURDICKVILLE RD MAPLE CITY MI 49664.00000"
-83.518777280999984,43.273817681000018,2049,262391006075,"MILLINGTON HIGH SCHOOL","8780 DEAN DR","MILLINGTON","MI",48746,"9694","(989) 871-5220",1,1,436,"TUSCOLA",26157,"USA",43.2738176810000,-83.5187772810000,611110,"ELEMENTARY AND SECONDARY SCHOOLS","http://nces.ed.gov/GLOBALLOCATOR/sch_info_popup.asp?Type=Public&ID=262391006075","2009-10-13 00:00:00.000","IMAGERY/OTHER","2016-04-29 00:00:00.000","http://nces.ed.gov/GLOBALLOCATOR/sch_info_popup.asp?Type=Public&ID=262391006075","3",417,"09","12",2623910,19,"NOT AVAILABLE","MILLINGTON HIGH SCHOOL 8780 DEAN DR MILLINGTON MI 48746.00000","MILLINGTON HIGH SCHOOL 8780 DEAN DR MILLINGTON MI 48746.00000"
-95.230345998999951,40.133934392000079,2050,292148001180,"MOUND CITY HIGH","708 NEBRASKA ST","MOUND CITY","MO",64470,"1251","(660) 442-5429",1,1,78,"HOLT",29087,"USA",40.1339343920001,-95.2303459990000,611110,"ELEMENTARY AND SECONDARY SCHOOLS","http://nces.ed.gov/GLOBALLOCATOR/sch_info_popup.asp?Type=Public&ID=292148001180","2010-01-29 00:00:00.000","IMAGERY","2010-08-31 00:00:00.000","http://nces.ed.gov/GLOBALLOCATOR/sch_info_popup.asp?Type=Public&ID=292148001180","3",70,"09","12",2921480,8,"10780351","MOUND CITY HIGH 708 NEBRASKA ST MOUND CITY MO 64470.00000","MOUND CITY HIGH 708 NEBRASKA ST MOUND CITY MO 64470.00000"
-75.079555533999951,39.943741078000066,2051,340264001380,"FRANCIS X. MCGRAW ELEMENTARY SCHOOL","3051 FREMONT STREET","CAMDEN","NJ",8105,"NOT AVAILABLE","(856) 966-8960",1,1,323,"CAMDEN",34007,"USA",39.9437410780001,-75.0795555340000,611110,"ELEMENTARY AND SECONDARY SCHOOLS","http://nces.ed.gov/GLOBALLOCATOR/sch_info_popup.asp?Type=Public&ID=340264001380","2010-01-29 00:00:00.000","IMAGERY/OTHER","2010-06-15 00:00:00.000","http://nces.ed.gov/GLOBALLOCATOR/sch_info_popup.asp?Type=Public&ID=340264001380","1",297,"PK","05",3402640,26,"NOT AVAILABLE","FRANCIS X. MCGRAW ELEMENTARY SCHOOL 3051 FREMONT STREET CAMDEN NJ 8105.00000","FRANCIS X. MCGRAW ELEMENTARY SCHOOL 3051 FREMONT STREET CAMDEN NJ 8105.00000"
-81.273390896999956,35.732914888000046,2052,370069000289,"SAINT STEPHENS ELEMENTARY","684 30TH STREET NE","CONOVER","NC",28613,"NOT AVAILABLE","(828) 256-2570",1,1,810,"CATAWBA",37035,"USA",35.7329148880000,-81.2733908970000,611110,"ELEMENTARY AND SECONDARY SCHOOLS","http://nces.ed.gov/GLOBALLOCATOR/sch_info_popup.asp?Type=Public&ID=370069000289","2010-01-29 00:00:00.000","IMAGERY","2010-08-16 00:00:00.000","http://nces.ed.gov/GLOBALLOCATOR/sch_info_popup.asp?Type=Public&ID=370069000289","1",756,"KG","06",3700690,54,"NOT AVAILABLE","SAINT STEPHENS ELEMENTARY 684 30TH STREET NE CONOVER NC 28613.00000","SAINT STEPHENS ELEMENTARY 684 30TH STREET NE CONOVER NC 28613.00000"
-83.676719802999969,41.587704119000080,2053,390018004704,"OHIO VIRTUAL ACADEMY","1690 WOODLANDS DR STE 200","MAUMEE","OH",43537,"4045","(877) 648-2512",1,1,11278,"LUCAS",39095,"USA",41.5877041190001,-83.6767198030000,611110,"ELEMENTARY AND SECONDARY SCHOOLS","http://nces.ed.gov/GLOBALLOCATOR/sch_info_popup.asp?Type=Public&ID=390018004704","2010-01-29 00:00:00.000","GEOCODE","2010-12-02 00:00:00.000","http://nces.ed.gov/GLOBALLOCATOR/sch_info_popup.asp?Type=Public&ID=390018004704","4",11278,"KG","12",3900180,-1,"NOT AVAILABLE","OHIO VIRTUAL ACADEMY 1690 WOODLANDS DR STE 200 MAUMEE OH 43537.00000","OHIO VIRTUAL ACADEMY 1690 WOODLANDS DR STE 200 MAUMEE OH 43537.00000"
-96.882523009999929,35.705173903000052,2054,400729000283,"CHANDLER HS","901 SOUTH CHS STREET","CHANDLER","OK",74834,"4834","(405) 258-1269",1,1,337,"LINCOLN",40081,"USA",35.7051739030001,-96.8825230099999,611110,"ELEMENTARY AND SECONDARY SCHOOLS","http://nces.ed.gov/GLOBALLOCATOR/sch_info_popup.asp?Type=Public&ID=400729000283","2010-01-29 00:00:00.000","IMAGERY/OTHER","2010-07-28 00:00:00.000","http://nces.ed.gov/GLOBALLOCATOR/sch_info_popup.asp?Type=Public&ID=400729000283","3",319,"09","12",4007290,18,"NOT AVAILABLE","CHANDLER HS 901 SOUTH CHS STREET CHANDLER OK 74834.00000","CHANDLER HS 901 SOUTH CHS STREET CHANDLER OK 74834.00000"
-96.477339156999960,34.039356188000049,2055,402764001471,"SILO JHS","122 WEST BOURNE STREET","DURANT","OK",74701,"4701","(580) 924-7000",1,1,121,"BRYAN",40013,"USA",34.0393561880001,-96.4773391570000,611110,"ELEMENTARY AND SECONDARY SCHOOLS","http://nces.ed.gov/GLOBALLOCATOR/sch_info_popup.asp?Type=Public&ID=402764001471","2009-10-13 00:00:00.000","IMAGERY/OTHER","2016-08-31 00:00:00.000","http://nces.ed.gov/GLOBALLOCATOR/sch_info_popup.asp?Type=Public&ID=402764001471","2",112,"07","08",4027640,9,"NOT AVAILABLE","SILO JHS 122 WEST BOURNE STREET DURANT OK 74701.00000","SILO JHS 122 WEST BOURNE STREET DURANT OK 74701.00000"
-97.652065394999966,35.472115583000047,2056,403237001789,"COUNCIL GROVE ES","7721 MELROSE LANE","OKLAHOMA CITY","OK",73127,"3127","(405) 350-3465",1,1,515,"OKLAHOMA",40109,"USA",35.4721155830001,-97.6520653950000,611110,"ELEMENTARY AND SECONDARY SCHOOLS","http://nces.ed.gov/GLOBALLOCATOR/sch_info_popup.asp?Type=Public&ID=403237001789","2009-12-10 00:00:00.000","IMAGERY/OTHER","2016-09-01 00:00:00.000","http://nces.ed.gov/GLOBALLOCATOR/sch_info_popup.asp?Type=Public&ID=403237001789","1",481,"PK","04",4032370,34,"NOT AVAILABLE","COUNCIL GROVE ES 7721 MELROSE LANE OKLAHOMA CITY OK 73127.00000","COUNCIL GROVE ES 7721 MELROSE LANE OKLAHOMA CITY OK 73127.00000"
-79.824904976999960,40.374494231000021,2057,420806000542,"GREEN VALLEY PRIMARY SCH","3290 CRESTVIEW DR","NORTH VERSAILLES","PA",15137,"NOT AVAILABLE","(412) 673-9737",1,1,482,"ALLEGHENY",42003,"USA",40.3744942310000,-79.8249049770000,611110,"ELEMENTARY AND SECONDARY SCHOOLS","http://nces.ed.gov/GLOBALLOCATOR/sch_info_popup.asp?Type=Public&ID=420806000542","2009-12-10 00:00:00.000","IMAGERY/OTHER","2016-09-02 00:00:00.000","http://nces.ed.gov/GLOBALLOCATOR/sch_info_popup.asp?Type=Public&ID=420806000542","1",446,"KG","03",4208060,36,"NOT AVAILABLE","GREEN VALLEY PRIMARY SCH 3290 CRESTVIEW DR NORTH VERSAILLES PA 15137.00000","GREEN VALLEY PRIMARY SCH 3290 CRESTVIEW DR NORTH VERSAILLES PA 15137.00000"
-80.450214230999961,40.979020575000042,2058,421554007129,"MOHAWK EL SCH","351 MOHAWK SCHOOL ROAD, P O BOX 799","BESSEMER","PA",16112,"NOT AVAILABLE","(724) 667-7782",1,1,855,"LAWRENCE",42073,"USA",40.9790205750001,-80.4502142310000,611110,"ELEMENTARY AND SECONDARY SCHOOLS","http://nces.ed.gov/GLOBALLOCATOR/sch_info_popup.asp?Type=Public&ID=421554007129","2010-01-29 00:00:00.000","IMAGERY","2010-09-03 00:00:00.000","http://nces.ed.gov/GLOBALLOCATOR/sch_info_popup.asp?Type=Public&ID=421554007129","1",797,"KG","06",4215540,58,"10774724","MOHAWK EL SCH 351 MOHAWK SCHOOL ROAD, P O BOX 799 BESSEMER PA 16112.00000","MOHAWK EL SCH 351 MOHAWK SCHOOL ROAD, P O BOX 799 BESSEMER PA 16112.00000"
-79.856195432999982,40.436336756000060,2059,421650007214,"WOODLAND HILLS SHS","2550 GREENSBURG PIKE","PITTSBURGH","PA",15221,"NOT AVAILABLE","(412) 244-1100",1,1,1310,"ALLEGHENY",42003,"USA",40.4363367560001,-79.8561954330000,611110,"ELEMENTARY AND SECONDARY SCHOOLS","http://nces.ed.gov/GLOBALLOCATOR/sch_info_popup.asp?Type=Public&ID=421650007214","2009-10-13 00:00:00.000","IMAGERY","2010-05-19 00:00:00.000","http://nces.ed.gov/GLOBALLOCATOR/sch_info_popup.asp?Type=Public&ID=421650007214","3",1218,"09","12",4216500,92,"10806457","WOODLAND HILLS SHS 2550 GREENSBURG PIKE PITTSBURGH PA 15221.00000","WOODLAND HILLS SHS 2550 GREENSBURG PIKE PITTSBURGH PA 15221.00000"
-99.717112781999944,32.452265288000028,2060,480744007123,"WOODSON CENTER FOR EXCELLENCE","342 COCKERELL","ABILENE","TX",79601,"4444","(325) 671-4736",4,1,186,"TAYLOR",48441,"USA",32.4522652880000,-99.7171127820000,611110,"ELEMENTARY AND SECONDARY SCHOOLS","http://nces.ed.gov/GLOBALLOCATOR/sch_info_popup.asp?Type=Public&ID=480744007123","2010-01-29 00:00:00.000","IMAGERY","2010-07-27 00:00:00.000","http://nces.ed.gov/GLOBALLOCATOR/sch_info_popup.asp?Type=Public&ID=480744007123","3",166,"07","12",4807440,20,"NOT AVAILABLE","WOODSON CENTER FOR EXCELLENCE 342 COCKERELL ABILENE TX 79601.00000","WOODSON CENTER FOR EXCELLENCE 342 COCKERELL ABILENE TX 79601.00000"
-101.803390529999959,35.180211232000019,2062,480813000149,"CAPROCK H S","3001 E 34TH","AMARILLO","TX",79103,"5599","(806) 326-2200",1,1,1993,"RANDALL",48381,"USA",35.1802112320000,-101.8033905300000,611110,"ELEMENTARY AND SECONDARY SCHOOLS","http://nces.ed.gov/GLOBALLOCATOR/sch_info_popup.asp?Type=Public&ID=480813000149","2009-10-13 00:00:00.000","IMAGERY/OTHER","2016-10-04 00:00:00.000","http://nces.ed.gov/GLOBALLOCATOR/sch_info_popup.asp?Type=Public&ID=480813000149","4",1854,"PK","12",4808130,139,"NOT AVAILABLE","CAPROCK H S 3001 E 34TH AMARILLO TX 79103.00000","CAPROCK H S 3001 E 34TH AMARILLO TX 79103.00000"
-97.449420705999955,25.892302312000034,2063,481168000654,"GARZA EL","200 ESPERANZA RD","BROWNSVILLE","TX",78521,"4699","(956) 982-2660",1,1,636,"CAMERON",48061,"USA",25.8923023120000,-97.4494207060000,611110,"ELEMENTARY AND SECONDARY SCHOOLS","http://nces.ed.gov/GLOBALLOCATOR/sch_info_popup.asp?Type=Public&ID=481168000654","2009-10-13 00:00:00.000","IMAGERY/OTHER","2016-09-21 00:00:00.000","http://nces.ed.gov/GLOBALLOCATOR/sch_info_popup.asp?Type=Public&ID=481168000654","1",593,"PK","05",4811680,43,"NOT AVAILABLE","GARZA EL 200 ESPERANZA RD BROWNSVILLE TX 78521.00000","GARZA EL 200 ESPERANZA RD BROWNSVILLE TX 78521.00000"
-98.157734367999964,26.258829939000066,2064,481818001500,"ESCANDON EL","1100 E TRENTON RD","EDINBURG","TX",78539,"0090","(956) 289-2545",1,1,659,"HIDALGO",48215,"USA",26.2588299390001,-98.1577343680000,611110,"ELEMENTARY AND SECONDARY SCHOOLS","http://nces.ed.gov/GLOBALLOCATOR/sch_info_popup.asp?Type=Public&ID=481818001500","2009-12-10 00:00:00.000","IMAGERY/OTHER","2016-10-03 00:00:00.000","http://nces.ed.gov/GLOBALLOCATOR/sch_info_popup.asp?Type=Public&ID=481818001500","1",623,"PK","05",4818180,36,"NOT AVAILABLE","ESCANDON EL 1100 E TRENTON RD EDINBURG TX 78539.00000","ESCANDON EL 1100 E TRENTON RD EDINBURG TX 78539.00000"
-95.750992833999987,29.571843695000027,2065,482658021244,"JUVENILE DETENT CTR","122 GOLFVIEW","RICHMOND","TX",77469,"5137","(281) 633-7312",4,1,53,"FORT BEND",48157,"USA",29.5718436950000,-95.7509928340000,611110,"ELEMENTARY AND SECONDARY SCHOOLS","http://nces.ed.gov/GLOBALLOCATOR/sch_info_popup.asp?Type=Public&ID=482658021244","2009-10-13 00:00:00.000","IMAGERY/OTHER","2016-09-30 00:00:00.000","http://nces.ed.gov/GLOBALLOCATOR/sch_info_popup.asp?Type=Public&ID=482658021244","3",49,"07","12",4826580,4,"NOT AVAILABLE","JUVENILE DETENT CTR 122 GOLFVIEW RICHMOND TX 77469.00000","JUVENILE DETENT CTR 122 GOLFVIEW RICHMOND TX 77469.00000"
-97.129653140999949,32.567576757000033,2066,482892009053,"TARRANT CO J J A E P","902 E BROAD ST","MANSFIELD","TX",76063,"1794","(817) 299-5800",4,1,4,"TARRANT",48439,"USA",32.5675767570000,-97.1296531409999,611110,"ELEMENTARY AND SECONDARY SCHOOLS","http://nces.ed.gov/GLOBALLOCATOR/sch_info_popup.asp?Type=Public&ID=482892009053","2009-10-13 00:00:00.000","IMAGERY/OTHER","2016-10-04 00:00:00.000","http://nces.ed.gov/GLOBALLOCATOR/sch_info_popup.asp?Type=Public&ID=482892009053","4",4,"07","11",4828920,-1,"NOT AVAILABLE","TARRANT CO J J A E P 902 E BROAD ST MANSFIELD TX 76063.00000","TARRANT CO J J A E P 902 E BROAD ST MANSFIELD TX 76063.00000"
-99.485557018999941,27.580698876000039,2067,484365007478,"TRAUTMANN MIDDLE","8501 CURLY LN","LAREDO","TX",78045,"NOT AVAILABLE","(956) 473-7400",1,1,1916,"WEBB",48479,"USA",27.5806988760000,-99.4855570189999,611110,"ELEMENTARY AND SECONDARY SCHOOLS","http://nces.ed.gov/GLOBALLOCATOR/sch_info_popup.asp?Type=Public&ID=484365007478","2009-10-13 00:00:00.000","IMAGERY/OTHER","2016-10-19 00:00:00.000","http://nces.ed.gov/GLOBALLOCATOR/sch_info_popup.asp?Type=Public&ID=484365007478","2",1821,"06","08",4843650,95,"10819195","TRAUTMANN MIDDLE 8501 CURLY LN LAREDO TX 78045.00000","TRAUTMANN MIDDLE 8501 CURLY LN LAREDO TX 78045.00000"
-100.185415245999990,31.604880330000068,2068,484441007084,"FAIRVIEW VOCATIONAL TRAINING","1001 ROBINSON","MILES","TX",76861,"0259","(915) 651-7521",4,2,-999,"RUNNELS",48399,"USA",31.6048803300001,-100.1854152460000,611110,"ELEMENTARY AND SECONDARY SCHOOLS","http://nces.ed.gov/GLOBALLOCATOR/sch_info_popup.asp?Type=Public&ID=484441007084","2010-01-29 00:00:00.000","IMAGERY","2010-07-28 00:00:00.000","http://nces.ed.gov/GLOBALLOCATOR/sch_info_popup.asp?Type=Public&ID=484441007084","N",-1,"09","12",4844410,-1,"NOT AVAILABLE","FAIRVIEW VOCATIONAL TRAINING 1001 ROBINSON MILES TX 76861.00000","FAIRVIEW VOCATIONAL TRAINING 1001 ROBINSON MILES TX 76861.00000"
-76.258594721999955,36.799927973000017,2069,510081000293,"GEORGE W CARVER INT","2601 BROAD ST","CHESAPEAKE","VA",23324,"NOT AVAILABLE","(757) 494-7505",1,1,625,"CHESAPEAKE",51550,"USA",36.7999279730000,-76.2585947219999,611110,"ELEMENTARY AND SECONDARY SCHOOLS","http://nces.ed.gov/GLOBALLOCATOR/sch_info_popup.asp?Type=Public&ID=510081000293","2009-10-13 00:00:00.000","IMAGERY/OTHER","2010-09-13 00:00:00.000","http://nces.ed.gov/GLOBALLOCATOR/sch_info_popup.asp?Type=Public&ID=510081000293","1",592,"PK","05",5100810,33,"10812790","GEORGE W CARVER INT 2601 BROAD ST CHESAPEAKE VA 23324.00000","GEORGE W CARVER INT 2601 BROAD ST CHESAPEAKE VA 23324.00000"
-94.170768112999951,35.330681084000041,2070,50873000663,"LAVACA MIDDLE SCHOOL","603 N DIVISION ST","LAVACA","AR",72941,"NOT AVAILABLE","NOT AVAILABLE",1,1,273,"SEBASTIAN",5131,"USA",35.3306810840000,-94.1707681130000,611110,"ELEMENTARY AND SECONDARY SCHOOLS","http://nces.ed.gov/GLOBALLOCATOR/sch_info_popup.asp?Type=Public&ID=050873000663","2010-01-29 00:00:00.000","IMAGERY","2010-08-12 00:00:00.000","http://nces.ed.gov/GLOBALLOCATOR/sch_info_popup.asp?Type=Public&ID=050873000663","2",254,"05","08",508730,19,"NOT AVAILABLE","LAVACA MIDDLE SCHOOL 603 N DIVISION ST LAVACA AR 72941.00000","LAVACA MIDDLE SCHOOL 603 N DIVISION ST LAVACA AR 72941.00000"
-120.956400118999966,37.602250050000059,2071,60813000784,"CASWELL ELEMENTARY","1800 N. CENTRAL AVE.","CERES","CA",95307,"NOT AVAILABLE","NOT AVAILABLE",1,1,550,"STANISLAUS",6099,"USA",37.6022500500001,-120.9564001190000,611110,"ELEMENTARY AND SECONDARY SCHOOLS","http://nces.ed.gov/GLOBALLOCATOR/sch_info_popup.asp?Type=Public&ID=060813000784","2009-12-10 00:00:00.000","IMAGERY","2016-03-01 00:00:00.000","http://nces.ed.gov/GLOBALLOCATOR/sch_info_popup.asp?Type=Public&ID=060813000784","1",529,"KG","06",608130,21,"NOT AVAILABLE","CASWELL ELEMENTARY 1800 N. CENTRAL AVE. CERES CA 95307.00000","CASWELL ELEMENTARY 1800 N. CENTRAL AVE. CERES CA 95307.00000"
-117.502634444999956,33.996147297000043,2072,61926004980,"MIRA LOMA MIDDLE","5051 STEVE ST.","JURUPA VALLEY","CA",92509,"NOT AVAILABLE","NOT AVAILABLE",1,1,895,"RIVERSIDE",6065,"USA",33.9961472970001,-117.5026344450000,611110,"ELEMENTARY AND SECONDARY SCHOOLS","http://nces.ed.gov/GLOBALLOCATOR/sch_info_popup.asp?Type=Public&ID=061926004980","2009-12-10 00:00:00.000","IMAGERY","2011-10-20 00:00:00.000","http://nces.ed.gov/GLOBALLOCATOR/sch_info_popup.asp?Type=Public&ID=061926004980","2",860,"07","08",619260,35,"10787525","MIRA LOMA MIDDLE 5051 STEVE ST. JURUPA VALLEY CA 92509.00000","MIRA LOMA MIDDLE 5051 STEVE ST. JURUPA VALLEY CA 92509.00000"
-117.212402580999978,33.948785092000030,2073,62580010278,"PALM MIDDLE","11900 SLAWSON AVE.","MORENO VALLEY","CA",92557,"6642","NOT AVAILABLE",1,1,1308,"RIVERSIDE",6065,"USA",33.9487850920000,-117.2124025810000,611110,"ELEMENTARY AND SECONDARY SCHOOLS","http://nces.ed.gov/GLOBALLOCATOR/sch_info_popup.asp?Type=Public&ID=062580010278","2009-12-10 00:00:00.000","IMAGERY","2011-10-20 00:00:00.000","http://nces.ed.gov/GLOBALLOCATOR/sch_info_popup.asp?Type=Public&ID=062580010278","2",1261,"06","08",625800,47,"10797296","PALM MIDDLE 11900 SLAWSON AVE. MORENO VALLEY CA 92557.00000","PALM MIDDLE 11900 SLAWSON AVE. MORENO VALLEY CA 92557.00000"
-122.412634277000000,37.756696960000056,2074,63441005615,"MOSCONE (GEORGE R.) ELEMENTARY","2576 HARRISON ST.","SAN FRANCISCO","CA",94110,"NOT AVAILABLE","NOT AVAILABLE",1,1,385,"SAN FRANCISCO",6075,"USA",37.7566969600001,-122.4126342770000,611110,"ELEMENTARY AND SECONDARY SCHOOLS","http://nces.ed.gov/GLOBALLOCATOR/sch_info_popup.asp?Type=Public&ID=063441005615","2009-12-10 00:00:00.000","IMAGERY","2010-06-09 00:00:00.000","http://nces.ed.gov/GLOBALLOCATOR/sch_info_popup.asp?Type=Public&ID=063441005615","1",369,"KG","05",634410,16,"NOT AVAILABLE","MOSCONE (GEORGE R.) ELEMENTARY 2576 HARRISON ST. SAN FRANCISCO CA 94110.00000","MOSCONE (GEORGE R.) ELEMENTARY 2576 HARRISON ST. SAN FRANCISCO CA 94110.00000"
-122.497600570000000,38.312528802000031,2075,63720006298,"ALTIMIRA MIDDLE","17805 ARNOLD DR.","SONOMA","CA",95476,"4019","NOT AVAILABLE",1,1,563,"SONOMA",6097,"USA",38.3125288020000,-122.4976005700000,611110,"ELEMENTARY AND SECONDARY SCHOOLS","http://nces.ed.gov/GLOBALLOCATOR/sch_info_popup.asp?Type=Public&ID=063720006298","2009-12-10 00:00:00.000","IMAGERY","2010-09-08 00:00:00.000","http://nces.ed.gov/GLOBALLOCATOR/sch_info_popup.asp?Type=Public&ID=063720006298","2",539,"06","08",637200,24,"10800138","ALTIMIRA MIDDLE 17805 ARNOLD DR. SONOMA CA 95476.00000","ALTIMIRA MIDDLE 17805 ARNOLD DR. SONOMA CA 95476.00000"
-122.312401690999977,37.925600072000066,2076,69100513776,"SUMMIT PUBLIC SCHOOL K2","1800 ELM ST.","EL CERRITO","CA",94530,"NOT AVAILABLE","NOT AVAILABLE",1,3,129,"CONTRA COSTA",6013,"USA",37.9256000720001,-122.3124016910000,611110,"ELEMENTARY AND SECONDARY SCHOOLS","http://nces.ed.gov/GLOBALLOCATOR/sch_info_popup.asp?Type=Public&ID=069100513776","2017-10-25 00:00:00.000","IMAGERY/OTHER","2018-02-14 00:00:00.000","http://nces.ed.gov/GLOBALLOCATOR/sch_info_popup.asp?Type=Public&ID=069100513776","3",125,"07","12",691005,4,"NOT AVAILABLE","SUMMIT PUBLIC SCHOOL K2 1800 ELM ST. EL CERRITO CA 94530.00000","SUMMIT PUBLIC SCHOOL K2 1800 ELM ST. EL CERRITO CA 94530.00000"
-104.537772062999977,39.223879035000031,2077,80369000480,"ELBERT ELEMENTARY SCHOOL","24489 MAIN STREET","ELBERT","CO",80106,"9659","NOT AVAILABLE",1,1,106,"ELBERT",8039,"USA",39.2238790350000,-104.5377720630000,611110,"ELEMENTARY AND SECONDARY SCHOOLS","http://nces.ed.gov/GLOBALLOCATOR/sch_info_popup.asp?Type=Public&ID=080369000480","2010-01-29 00:00:00.000","IMAGERY","2010-08-17 00:00:00.000","http://nces.ed.gov/GLOBALLOCATOR/sch_info_popup.asp?Type=Public&ID=080369000480","1",97,"PK","05",803690,9,"NOT AVAILABLE","ELBERT ELEMENTARY SCHOOL 24489 MAIN STREET ELBERT CO 80106.00000","ELBERT ELEMENTARY SCHOOL 24489 MAIN STREET ELBERT CO 80106.00000"
-104.557194709999976,40.390937458000046,2078,80495001697,"PLATTE VALLEY MIDDLE SCHOOL","700 HILL STREET","KERSEY","CO",80644,"0515","NOT AVAILABLE",1,1,304,"WELD",8123,"USA",40.3909374580001,-104.5571947100000,611110,"ELEMENTARY AND SECONDARY SCHOOLS","http://nces.ed.gov/GLOBALLOCATOR/sch_info_popup.asp?Type=Public&ID=080495001697","2009-10-13 00:00:00.000","IMAGERY/OTHER","2016-03-08 00:00:00.000","http://nces.ed.gov/GLOBALLOCATOR/sch_info_popup.asp?Type=Public&ID=080495001697","2",284,"06","08",804950,20,"NOT AVAILABLE","PLATTE VALLEY MIDDLE SCHOOL 700 HILL STREET KERSEY CO 80644.00000","PLATTE VALLEY MIDDLE SCHOOL 700 HILL STREET KERSEY CO 80644.00000"
-108.568840473999970,38.216537278000025,2079,80585001398,"NATURITA ELEMENTARY & MIDDLE SCHOOL","141 WEST MAIN STREET","NATURITA","CO",81422,"0400","NOT AVAILABLE",1,1,162,"MONTROSE",8085,"USA",38.2165372780000,-108.5688404740000,611110,"ELEMENTARY AND SECONDARY SCHOOLS","http://nces.ed.gov/GLOBALLOCATOR/sch_info_popup.asp?Type=Public&ID=080585001398","2010-01-29 00:00:00.000","IMAGERY","2010-08-18 00:00:00.000","http://nces.ed.gov/GLOBALLOCATOR/sch_info_popup.asp?Type=Public&ID=080585001398","1",148,"PK","08",805850,14,"NOT AVAILABLE","NATURITA ELEMENTARY & MIDDLE SCHOOL 141 WEST MAIN STREET NATURITA CO 81422.00000","NATURITA ELEMENTARY & MIDDLE SCHOOL 141 WEST MAIN STREET NATURITA CO 81422.00000"
-106.090358476999938,39.570930580000038,2080,80681001165,"FRISCO ELEMENTARY SCHOOL","800 8TH AVENUE","FRISCO","CO",80443,"4820","NOT AVAILABLE",1,1,254,"SUMMIT",8117,"USA",39.5709305800000,-106.0903584770000,611110,"ELEMENTARY AND SECONDARY SCHOOLS","http://nces.ed.gov/GLOBALLOCATOR/sch_info_popup.asp?Type=Public&ID=080681001165","2010-01-29 00:00:00.000","IMAGERY","2010-08-18 00:00:00.000","http://nces.ed.gov/GLOBALLOCATOR/sch_info_popup.asp?Type=Public&ID=080681001165","1",238,"PK","05",806810,16,"10791113","FRISCO ELEMENTARY SCHOOL 800 8TH AVENUE FRISCO CO 80443.00000","FRISCO ELEMENTARY SCHOOL 800 8TH AVENUE FRISCO CO 80443.00000"
-81.631767010999965,28.808860843000048,2081,120105001114,"MT. DORA MIDDLE SCHOOL","1405 LINCOLN AVE","MOUNT DORA","FL",32757,"4010","(352) 383-6101",1,1,847,"LAKE",12069,"USA",28.8088608430000,-81.6317670110000,611110,"ELEMENTARY AND SECONDARY SCHOOLS","http://nces.ed.gov/GLOBALLOCATOR/sch_info_popup.asp?Type=Public&ID=120105001114","2009-12-10 00:00:00.000","IMAGERY","2016-03-11 00:00:00.000","http://nces.ed.gov/GLOBALLOCATOR/sch_info_popup.asp?Type=Public&ID=120105001114","2",800,"06","08",1201050,47,"NOT AVAILABLE","MT. DORA MIDDLE SCHOOL 1405 LINCOLN AVE MOUNT DORA FL 32757.00000","MT. DORA MIDDLE SCHOOL 1405 LINCOLN AVE MOUNT DORA FL 32757.00000"
-84.137407720999988,34.218469615000060,2082,130222000951,"OTWELL MIDDLE SCHOOL","605 TRIBBLE GAP RD","CUMMING","GA",30040,"NOT AVAILABLE","(770) 887-5248",1,1,1232,"FORSYTH",13117,"USA",34.2184696150001,-84.1374077210000,611110,"ELEMENTARY AND SECONDARY SCHOOLS","http://nces.ed.gov/GLOBALLOCATOR/sch_info_popup.asp?Type=Public&ID=130222000951","2009-12-10 00:00:00.000","IMAGERY/OTHER","2016-03-18 00:00:00.000","http://nces.ed.gov/GLOBALLOCATOR/sch_info_popup.asp?Type=Public&ID=130222000951","2",1159,"06","08",1302220,73,"10805953","OTWELL MIDDLE SCHOOL 605 TRIBBLE GAP RD CUMMING GA 30040.00000","OTWELL MIDDLE SCHOOL 605 TRIBBLE GAP RD CUMMING GA 30040.00000"
-88.174201320999941,38.083225723000055,2083,170850000474,"LINCOLN ATTENDANCE CENTER","113 10TH ST","CARMI","IL",62821,"1484","(618) 384-3421",1,1,248,"WHITE",17193,"USA",38.0832257230001,-88.1742013209999,611110,"ELEMENTARY AND SECONDARY SCHOOLS","http://nces.ed.gov/GLOBALLOCATOR/sch_info_popup.asp?Type=Public&ID=170850000474","2009-10-13 00:00:00.000","IMAGERY/OTHER","2016-04-06 00:00:00.000","http://nces.ed.gov/GLOBALLOCATOR/sch_info_popup.asp?Type=Public&ID=170850000474","1",234,"PK","01",1708500,14,"NOT AVAILABLE","LINCOLN ATTENDANCE CENTER 113 10TH ST CARMI IL 62821.00000","LINCOLN ATTENDANCE CENTER 113 10TH ST CARMI IL 62821.00000"
-87.683190746999969,41.891973956000072,2084,170993000965,"MITCHELL ELEM SCHOOL","2233 W OHIO ST","CHICAGO","IL",60612,"1519","(773) 534-7655",1,1,377,"COOK",17031,"USA",41.8919739560001,-87.6831907470000,611110,"ELEMENTARY AND SECONDARY SCHOOLS","http://nces.ed.gov/GLOBALLOCATOR/sch_info_popup.asp?Type=Public&ID=170993000965","2009-10-13 00:00:00.000","IMAGERY","2016-03-31 00:00:00.000","http://nces.ed.gov/GLOBALLOCATOR/sch_info_popup.asp?Type=Public&ID=170993000965","1",357,"PK","08",1709930,20,"NOT AVAILABLE","MITCHELL ELEM SCHOOL 2233 W OHIO ST CHICAGO IL 60612.00000","MITCHELL ELEM SCHOOL 2233 W OHIO ST CHICAGO IL 60612.00000"
-87.686575538999989,41.874746803000058,2085,170993003555,"UNO ACADEMY CHARTER SCHOOLS","954 W WASHINGTON BLVD FL 3","CHICAGO","IL",60607,"2224","(312) 432-6301",1,1,8326,"COOK",17031,"USA",41.8747468030001,-87.6865755390000,611110,"ELEMENTARY AND SECONDARY SCHOOLS","http://nces.ed.gov/GLOBALLOCATOR/sch_info_popup.asp?Type=Public&ID=170993003555","2010-01-29 00:00:00.000","GEOCODE","2017-10-31 00:00:00.000","http://nces.ed.gov/GLOBALLOCATOR/sch_info_popup.asp?Type=Public&ID=170993003555","4",7923,"KG","12",1709930,403,"NOT AVAILABLE","UNO ACADEMY CHARTER SCHOOLS 954 W WASHINGTON BLVD FL 3 CHICAGO IL 60607.00000","UNO ACADEMY CHARTER SCHOOLS 954 W WASHINGTON BLVD FL 3 CHICAGO IL 60607.00000"
-87.557462509999937,41.734303436000054,2086,170993005072,"BOWEN HIGH SCHOOL","2710 E 89TH ST","CHICAGO","IL",60617,"3192","(773) 535-7650",1,1,399,"COOK",17031,"USA",41.7343034360001,-87.5574625099999,611110,"ELEMENTARY AND SECONDARY SCHOOLS","http://nces.ed.gov/GLOBALLOCATOR/sch_info_popup.asp?Type=Public&ID=170993005072","2010-01-29 00:00:00.000","IMAGERY","2010-05-10 00:00:00.000","http://nces.ed.gov/GLOBALLOCATOR/sch_info_popup.asp?Type=Public&ID=170993005072","3",368,"09","12",1709930,31,"NOT AVAILABLE","BOWEN HIGH SCHOOL 2710 E 89TH ST CHICAGO IL 60617.00000","BOWEN HIGH SCHOOL 2710 E 89TH ST CHICAGO IL 60617.00000"
-88.013842782999973,42.074539570000063,2087,173042003157,"CARL SANDBURG JR HIGH SCHOOL","2600 MARTIN LN","ROLLING MEADOWS","IL",60008,"2722","(847) 963-7800",1,1,585,"COOK",17031,"USA",42.0745395700001,-88.0138427830000,611110,"ELEMENTARY AND SECONDARY SCHOOLS","http://nces.ed.gov/GLOBALLOCATOR/sch_info_popup.asp?Type=Public&ID=173042003157","2010-01-29 00:00:00.000","IMAGERY","2010-05-06 00:00:00.000","http://nces.ed.gov/GLOBALLOCATOR/sch_info_popup.asp?Type=Public&ID=173042003157","2",544,"07","08",1730420,41,"10823460","CARL SANDBURG JR HIGH SCHOOL 2600 MARTIN LN ROLLING MEADOWS IL 60008.00000","CARL SANDBURG JR HIGH SCHOOL 2600 MARTIN LN ROLLING MEADOWS IL 60008.00000"
-86.012674621999963,39.954152136000054,2088,181065001751,"FISHERS ELEMENTARY SCHOOL","11442 LANTERN RD","FISHERS","IN",46038,"0216","(317) 594-4160",1,1,491,"HAMILTON",18057,"USA",39.9541521360001,-86.0126746220000,611110,"ELEMENTARY AND SECONDARY SCHOOLS","http://nces.ed.gov/GLOBALLOCATOR/sch_info_popup.asp?Type=Public&ID=181065001751","2009-12-10 00:00:00.000","IMAGERY/OTHER","2016-04-06 00:00:00.000","http://nces.ed.gov/GLOBALLOCATOR/sch_info_popup.asp?Type=Public&ID=181065001751","1",467,"KG","04",1810650,24,"NOT AVAILABLE","FISHERS ELEMENTARY SCHOOL 11442 LANTERN RD FISHERS IN 46038.00000","FISHERS ELEMENTARY SCHOOL 11442 LANTERN RD FISHERS IN 46038.00000"
-90.551363102999971,30.429748004000029,2089,220102000773,"SPRINGFIELD HIGH SCHOOL","32000 HWY 42","SPRINGFIELD","LA",70462,"NOT AVAILABLE","(225) 294-3256",1,1,385,"LIVINGSTON",22063,"USA",30.4297480040000,-90.5513631030000,611110,"ELEMENTARY AND SECONDARY SCHOOLS","http://nces.ed.gov/GLOBALLOCATOR/sch_info_popup.asp?Type=Public&ID=220102000773","2009-12-10 00:00:00.000","IMAGERY/OTHER","2016-04-18 00:00:00.000","http://nces.ed.gov/GLOBALLOCATOR/sch_info_popup.asp?Type=Public&ID=220102000773","3",361,"08","12",2201020,24,"NOT AVAILABLE","SPRINGFIELD HIGH SCHOOL 32000 HWY 42 SPRINGFIELD LA 70462.00000","SPRINGFIELD HIGH SCHOOL 32000 HWY 42 SPRINGFIELD LA 70462.00000"
-68.570342390999940,44.269356674000036,2090,230361000254,"BROOKLIN SCHOOL","1 SCHOOL STREET   120","BROOKLIN","ME",4616,"NOT AVAILABLE","(207) 359-2133",1,1,73,"HANCOCK",23009,"USA",44.2693566740001,-68.5703423909999,611110,"ELEMENTARY AND SECONDARY SCHOOLS","http://nces.ed.gov/GLOBALLOCATOR/sch_info_popup.asp?Type=Public&ID=230361000254","2009-10-13 00:00:00.000","IMAGERY/OTHER","2016-04-22 00:00:00.000","http://nces.ed.gov/GLOBALLOCATOR/sch_info_popup.asp?Type=Public&ID=230361000254","1",64,"PK","08",2303610,9,"NOT AVAILABLE","BROOKLIN SCHOOL 1 SCHOOL STREET   120 BROOKLIN ME 4616.00000","BROOKLIN SCHOOL 1 SCHOOL STREET   120 BROOKLIN ME 4616.00000"
-70.254187401999957,43.795277368000022,2091,231424000681,"MABEL I WILSON SCHOOL","353 TUTTLE ROAD","CUMBERLAND CENTER","ME",4021,"NOT AVAILABLE","(207) 829-4825",1,1,580,"CUMBERLAND",23005,"USA",43.7952773680000,-70.2541874020000,611110,"ELEMENTARY AND SECONDARY SCHOOLS","http://nces.ed.gov/GLOBALLOCATOR/sch_info_popup.asp?Type=Public&ID=231424000681","2009-12-10 00:00:00.000","IMAGERY/OTHER","2016-04-22 00:00:00.000","http://nces.ed.gov/GLOBALLOCATOR/sch_info_popup.asp?Type=Public&ID=231424000681","1",537,"KG","03",2314240,43,"NOT AVAILABLE","MABEL I WILSON SCHOOL 353 TUTTLE ROAD CUMBERLAND CENTER ME 4021.00000","MABEL I WILSON SCHOOL 353 TUTTLE ROAD CUMBERLAND CENTER ME 4021.00000"
-77.184877501999949,39.153852772000043,2092,240048000644,"FOREST OAK MIDDLE","651 SAYBROOKE OAKS BLVD","GAITHERSBURG","MD",20877,"NOT AVAILABLE","(301) 670-8242",1,1,882,"MONTGOMERY",24031,"USA",39.1538527720001,-77.1848775019999,611110,"ELEMENTARY AND SECONDARY SCHOOLS","http://nces.ed.gov/GLOBALLOCATOR/sch_info_popup.asp?Type=Public&ID=240048000644","2009-12-10 00:00:00.000","IMAGERY/OTHER","2010-05-24 00:00:00.000","http://nces.ed.gov/GLOBALLOCATOR/sch_info_popup.asp?Type=Public&ID=240048000644","2",824,"06","08",2400480,58,"NOT AVAILABLE","FOREST OAK MIDDLE 651 SAYBROOKE OAKS BLVD GAITHERSBURG MD 20877.00000","FOREST OAK MIDDLE 651 SAYBROOKE OAKS BLVD GAITHERSBURG MD 20877.00000"
-76.889715640999967,38.784688649000032,2093,240051001035,"FRANCIS T. EVANS ELEMENTARY","6720 OLD ALEXANDRIA FERRY RD","CLINTON","MD",20735,"1741","(301) 599-2480",1,1,389,"PRINCE GEORGE'S",24033,"USA",38.7846886490000,-76.8897156410000,611110,"ELEMENTARY AND SECONDARY SCHOOLS","http://nces.ed.gov/GLOBALLOCATOR/sch_info_popup.asp?Type=Public&ID=240051001035","2009-12-10 00:00:00.000","IMAGERY/OTHER","2010-05-26 00:00:00.000","http://nces.ed.gov/GLOBALLOCATOR/sch_info_popup.asp?Type=Public&ID=240051001035","1",368,"PK","05",2400510,21,"NOT AVAILABLE","FRANCIS T. EVANS ELEMENTARY 6720 OLD ALEXANDRIA FERRY RD CLINTON MD 20735.00000","FRANCIS T. EVANS ELEMENTARY 6720 OLD ALEXANDRIA FERRY RD CLINTON MD 20735.00000"
-73.115223251999964,42.594074300000045,2094,250178000021,"HOOSAC VALLEY MIDDLE & HIGH SCHOOL","125 SAVOY RD","CHESHIRE","MA",1225,"9511","(413) 743-5200",1,1,717,"BERKSHIRE",25003,"USA",42.5940743000000,-73.1152232520000,611110,"ELEMENTARY AND SECONDARY SCHOOLS","http://nces.ed.gov/GLOBALLOCATOR/sch_info_popup.asp?Type=Public&ID=250178000021","2009-10-13 00:00:00.000","IMAGERY","2016-04-19 00:00:00.000","http://nces.ed.gov/GLOBALLOCATOR/sch_info_popup.asp?Type=Public&ID=250178000021","4",662,"06","12",2501780,55,"10796596","HOOSAC VALLEY MIDDLE & HIGH SCHOOL 125 SAVOY RD CHESHIRE MA 1225.00000","HOOSAC VALLEY MIDDLE & HIGH SCHOOL 125 SAVOY RD CHESHIRE MA 1225.00000"
-70.610152032999963,42.651875314000037,2095,251020000506,"ROCKPORT MIDDLE","26 JERDENS LANE","ROCKPORT","MA",1966,"2196","(978) 546-1250",1,1,281,"ESSEX",25009,"USA",42.6518753140001,-70.6101520330000,611110,"ELEMENTARY AND SECONDARY SCHOOLS","http://nces.ed.gov/GLOBALLOCATOR/sch_info_popup.asp?Type=Public&ID=251020000506","2009-10-13 00:00:00.000","IMAGERY/OTHER","2016-04-19 00:00:00.000","http://nces.ed.gov/GLOBALLOCATOR/sch_info_popup.asp?Type=Public&ID=251020000506","2",255,"06","08",2510200,26,"NOT AVAILABLE","ROCKPORT MIDDLE 26 JERDENS LANE ROCKPORT MA 1966.00000","ROCKPORT MIDDLE 26 JERDENS LANE ROCKPORT MA 1966.00000"
-71.237720926999941,42.609137589000049,2096,251158001426,"JOHN F. RYAN","135 PLEASANT STREET","TEWKSBURY","MA",1876,"NOT AVAILABLE","(978) 640-7880",1,1,648,"MIDDLESEX",25017,"USA",42.6091375890001,-71.2377209269999,611110,"ELEMENTARY AND SECONDARY SCHOOLS","http://nces.ed.gov/GLOBALLOCATOR/sch_info_popup.asp?Type=Public&ID=251158001426","2009-10-13 00:00:00.000","IMAGERY/OTHER","2016-04-20 00:00:00.000","http://nces.ed.gov/GLOBALLOCATOR/sch_info_popup.asp?Type=Public&ID=251158001426","2",600,"05","06",2511580,48,"10786783","JOHN F. RYAN 135 PLEASANT STREET TEWKSBURY MA 1876.00000","JOHN F. RYAN 135 PLEASANT STREET TEWKSBURY MA 1876.00000"
-92.554437672999939,47.514113698000074,2097,270022403583,"NORTHLAND LEARNING CENTER 040","1201 S 13TH AVE","VIRGINIA","MN",55792,"3361","(218) 741-9201",4,1,0,"ST. LOUIS",27137,"USA",47.5141136980001,-92.5544376729999,611110,"ELEMENTARY AND SECONDARY SCHOOLS","http://nces.ed.gov/GLOBALLOCATOR/sch_info_popup.asp?Type=Public&ID=270022403583","2010-01-29 00:00:00.000","IMAGERY/OTHER","2010-08-25 00:00:00.000","http://nces.ed.gov/GLOBALLOCATOR/sch_info_popup.asp?Type=Public&ID=270022403583","3",0,"09","12",2700224,-1,"NOT AVAILABLE","NORTHLAND LEARNING CENTER 040 1201 S 13TH AVE VIRGINIA MN 55792.00000","NORTHLAND LEARNING CENTER 040 1201 S 13TH AVE VIRGINIA MN 55792.00000"
-95.389016305999974,45.878752121000048,2098,270306000086,"LINCOLN ELEMENTARY","1120 LARK ST","ALEXANDRIA","MN",56308,"8888","(320) 762-2146",1,1,510,"DOUGLAS",27041,"USA",45.8787521210000,-95.3890163060000,611110,"ELEMENTARY AND SECONDARY SCHOOLS","http://nces.ed.gov/GLOBALLOCATOR/sch_info_popup.asp?Type=Public&ID=270306000086","2009-10-13 00:00:00.000","IMAGERY/OTHER","2010-08-27 00:00:00.000","http://nces.ed.gov/GLOBALLOCATOR/sch_info_popup.asp?Type=Public&ID=270306000086","1",483,"KG","05",2703060,27,"10781399","LINCOLN ELEMENTARY 1120 LARK ST ALEXANDRIA MN 56308.00000","LINCOLN ELEMENTARY 1120 LARK ST ALEXANDRIA MN 56308.00000"
-93.497040043999959,44.875943237000051,2099,271422000737,"PRAIRIE VIEW ELEMENTARY","17255 PETERBORG RD","EDEN PRAIRIE","MN",55346,"3544","(952) 975-8800",1,1,694,"HENNEPIN",27053,"USA",44.8759432370001,-93.4970400440000,611110,"ELEMENTARY AND SECONDARY SCHOOLS","http://nces.ed.gov/GLOBALLOCATOR/sch_info_popup.asp?Type=Public&ID=271422000737","2010-01-29 00:00:00.000","IMAGERY","2010-03-17 00:00:00.000","http://nces.ed.gov/GLOBALLOCATOR/sch_info_popup.asp?Type=Public&ID=271422000737","1",651,"KG","06",2714220,43,"NOT AVAILABLE","PRAIRIE VIEW ELEMENTARY 17255 PETERBORG RD EDEN PRAIRIE MN 55346.00000","PRAIRIE VIEW ELEMENTARY 17255 PETERBORG RD EDEN PRAIRIE MN 55346.00000"
-90.238635296000000,32.320296894000016,2100,280219000395,"LAKE ELEMENTARY SCHOOL","472 MT VERNON AVENUE","JACKSON","MS",39209,"NOT AVAILABLE","(601) 960-5308",1,1,323,"HINDS",28049,"USA",32.3202968940000,-90.2386352960000,611110,"ELEMENTARY AND SECONDARY SCHOOLS","http://nces.ed.gov/GLOBALLOCATOR/sch_info_popup.asp?Type=Public&ID=280219000395","2010-01-29 00:00:00.000","IMAGERY/OTHER","2010-05-06 00:00:00.000","http://nces.ed.gov/GLOBALLOCATOR/sch_info_popup.asp?Type=Public&ID=280219000395","1",304,"PK","05",2802190,19,"NOT AVAILABLE","LAKE ELEMENTARY SCHOOL 472 MT VERNON AVENUE JACKSON MS 39209.00000","LAKE ELEMENTARY SCHOOL 472 MT VERNON AVENUE JACKSON MS 39209.00000"
-113.296405488999952,46.328865214000082,2101,301284000616,"PHILIPSBURG SCHOOL","501 SCHNEPEL ST","PHILIPSBURG","MT",59858,"NOT AVAILABLE","(406) 859-3233",1,1,96,"GRANITE",30039,"USA",46.3288652140001,-113.2964054890000,611110,"ELEMENTARY AND SECONDARY SCHOOLS","http://nces.ed.gov/GLOBALLOCATOR/sch_info_popup.asp?Type=Public&ID=301284000616","2010-01-29 00:00:00.000","IMAGERY","2010-08-26 00:00:00.000","http://nces.ed.gov/GLOBALLOCATOR/sch_info_popup.asp?Type=Public&ID=301284000616","1",87,"PK","06",3012840,9,"NOT AVAILABLE","PHILIPSBURG SCHOOL 501 SCHNEPEL ST PHILIPSBURG MT 59858.00000","PHILIPSBURG SCHOOL 501 SCHNEPEL ST PHILIPSBURG MT 59858.00000"
-74.091533419999962,40.315405404000053,2102,341620004112,"MAHALA F. ATCHISON SCHOOL","961 SYCAMORE AVENUE","TINTON FALLS","NJ",7724,"3199","(732) 542-2500",1,1,705,"MONMOUTH",34025,"USA",40.3154054040000,-74.0915334200000,611110,"ELEMENTARY AND SECONDARY SCHOOLS","http://nces.ed.gov/GLOBALLOCATOR/sch_info_popup.asp?Type=Public&ID=341620004112","2010-01-29 00:00:00.000","IMAGERY","2010-08-20 00:00:00.000","http://nces.ed.gov/GLOBALLOCATOR/sch_info_popup.asp?Type=Public&ID=341620004112","1",654,"PK","03",3416200,51,"10784415","MAHALA F. ATCHISON SCHOOL 961 SYCAMORE AVENUE TINTON FALLS NJ 7724.00000","MAHALA F. ATCHISON SCHOOL 961 SYCAMORE AVENUE TINTON FALLS NJ 7724.00000"
-74.171395117999964,39.955134204000039,2103,341623004746,"WASHINGTON STREET ELEMENTARY SCHOOL","500 WEST EARL COURT","TOMS RIVER","NJ",8753,"NOT AVAILABLE","(732) 505-5910",1,1,405,"OCEAN",34029,"USA",39.9551342040000,-74.1713951180000,611110,"ELEMENTARY AND SECONDARY SCHOOLS","http://nces.ed.gov/GLOBALLOCATOR/sch_info_popup.asp?Type=Public&ID=341623004746","2010-01-29 00:00:00.000","IMAGERY","2010-08-20 00:00:00.000","http://nces.ed.gov/GLOBALLOCATOR/sch_info_popup.asp?Type=Public&ID=341623004746","1",379,"KG","05",3416230,26,"10780813","WASHINGTON STREET ELEMENTARY SCHOOL 500 WEST EARL COURT TOMS RIVER NJ 8753.00000","WASHINGTON STREET ELEMENTARY SCHOOL 500 WEST EARL COURT TOMS RIVER NJ 8753.00000"
-75.149159583999960,39.846472954000028,2104,341815002694,"WALNUT STREET SCHOOL","60 WALNUT STREET","WOODBURY","NJ",8096,"NOT AVAILABLE","(856) 853-0126",1,1,110,"GLOUCESTER",34015,"USA",39.8464729540000,-75.1491595840000,611110,"ELEMENTARY AND SECONDARY SCHOOLS","http://nces.ed.gov/GLOBALLOCATOR/sch_info_popup.asp?Type=Public&ID=341815002694","2010-01-29 00:00:00.000","IMAGERY/OTHER","2010-06-16 00:00:00.000","http://nces.ed.gov/GLOBALLOCATOR/sch_info_popup.asp?Type=Public&ID=341815002694","1",101,"KG","05",3418150,9,"NOT AVAILABLE","WALNUT STREET SCHOOL 60 WALNUT STREET WOODBURY NJ 8096.00000","WALNUT STREET SCHOOL 60 WALNUT STREET WOODBURY NJ 8096.00000"
-108.692853299999967,36.803428426000025,2105,350039000184,"NIZHONI ELEMENTARY","HWY 491","SHIPROCK","NM",87420,"NOT AVAILABLE","(505) 368-4565",1,1,574,"SAN JUAN",35045,"USA",36.8034284260000,-108.6928533000000,611110,"ELEMENTARY AND SECONDARY SCHOOLS","http://nces.ed.gov/GLOBALLOCATOR/sch_info_popup.asp?Type=Public&ID=350039000184","2010-01-29 00:00:00.000","IMAGERY","2017-10-31 00:00:00.000","http://nces.ed.gov/GLOBALLOCATOR/sch_info_popup.asp?Type=Public&ID=350039000184","1",546,"PK","05",3500390,28,"NOT AVAILABLE","NIZHONI ELEMENTARY HWY 491 SHIPROCK NM 87420.00000","NIZHONI ELEMENTARY HWY 491 SHIPROCK NM 87420.00000"
-73.825875592999978,40.835344779000010,2106,360008502085,"PS 14 SENATOR JOHN CALANDRA","3041 BRUCKNER BLVD","BRONX","NY",10461,"5696","(718) 822-5341",1,1,646,"BRONX",36005,"USA",40.8353447790000,-73.8258755930000,611110,"ELEMENTARY AND SECONDARY SCHOOLS","http://nces.ed.gov/GLOBALLOCATOR/sch_info_popup.asp?Type=Public&ID=360008502085","2010-01-29 00:00:00.000","IMAGERY/OTHER","2010-04-14 00:00:00.000","http://nces.ed.gov/GLOBALLOCATOR/sch_info_popup.asp?Type=Public&ID=360008502085","1",607,"KG","05",3600085,39,"NOT AVAILABLE","PS 14 SENATOR JOHN CALANDRA 3041 BRUCKNER BLVD BRONX NY 10461.00000","PS 14 SENATOR JOHN CALANDRA 3041 BRUCKNER BLVD BRONX NY 10461.00000"
-73.893103564999933,40.742308803000071,2107,360009804563,"PS 12 JAMES B COLGATE","42-00 72ND ST","WOODSIDE","NY",11377,"NOT AVAILABLE","(718) 424-5905",1,1,1356,"QUEENS",36081,"USA",40.7423088030001,-73.8931035649999,611110,"ELEMENTARY AND SECONDARY SCHOOLS","http://nces.ed.gov/GLOBALLOCATOR/sch_info_popup.asp?Type=Public&ID=360009804563","2009-10-13 00:00:00.000","IMAGERY/OTHER","2010-05-17 00:00:00.000","http://nces.ed.gov/GLOBALLOCATOR/sch_info_popup.asp?Type=Public&ID=360009804563","1",1274,"KG","05",3600098,82,"NOT AVAILABLE","PS 12 JAMES B COLGATE 42-00 72ND ST WOODSIDE NY 11377.00000","PS 12 JAMES B COLGATE 42-00 72ND ST WOODSIDE NY 11377.00000"
-75.970836821999953,42.332759838000072,2108,363138004201,"TIOUGHNIOGA RIVERSIDE ACADEMY","2887 NY RT 11","WHITNEY POINT","NY",13862,"0249","(607) 692-8232",1,1,571,"BROOME",36007,"USA",42.3327598380001,-75.9708368220000,611110,"ELEMENTARY AND SECONDARY SCHOOLS","http://nces.ed.gov/GLOBALLOCATOR/sch_info_popup.asp?Type=Public&ID=363138004201","2010-01-29 00:00:00.000","IMAGERY","2010-06-15 00:00:00.000","http://nces.ed.gov/GLOBALLOCATOR/sch_info_popup.asp?Type=Public&ID=363138004201","2",527,"04","08",3631380,44,"10785647","TIOUGHNIOGA RIVERSIDE ACADEMY 2887 NY RT 11 WHITNEY POINT NY 13862.00000","TIOUGHNIOGA RIVERSIDE ACADEMY 2887 NY RT 11 WHITNEY POINT NY 13862.00000"
-77.392177037999943,34.753250829000017,2109,370345001417,"BELL FORK ELEMENTARY","500 BELL FORK RD","JACKSONVILLE","NC",28540,"6309","(910) 347-4459",1,1,540,"ONSLOW",37133,"USA",34.7532508290000,-77.3921770379999,611110,"ELEMENTARY AND SECONDARY SCHOOLS","http://nces.ed.gov/GLOBALLOCATOR/sch_info_popup.asp?Type=Public&ID=370345001417","2009-10-13 00:00:00.000","IMAGERY","2013-05-28 00:00:00.000","http://nces.ed.gov/GLOBALLOCATOR/sch_info_popup.asp?Type=Public&ID=370345001417","1",504,"KG","05",3703450,36,"NOT AVAILABLE","BELL FORK ELEMENTARY 500 BELL FORK RD JACKSONVILLE NC 28540.00000","BELL FORK ELEMENTARY 500 BELL FORK RD JACKSONVILLE NC 28540.00000"
-77.335132410999961,34.742201723000051,2110,370345002338,"HUNTERS CREEK ELEMENTARY","3450 HUNTERS TRAIL","JACKSONVILLE","NC",28546,"NOT AVAILABLE","(910) 353-4443",1,1,608,"ONSLOW",37133,"USA",34.7422017230001,-77.3351324110000,611110,"ELEMENTARY AND SECONDARY SCHOOLS","http://nces.ed.gov/GLOBALLOCATOR/sch_info_popup.asp?Type=Public&ID=370345002338","2009-10-13 00:00:00.000","IMAGERY","2013-05-28 00:00:00.000","http://nces.ed.gov/GLOBALLOCATOR/sch_info_popup.asp?Type=Public&ID=370345002338","1",570,"PK","05",3703450,38,"NOT AVAILABLE","HUNTERS CREEK ELEMENTARY 3450 HUNTERS TRAIL JACKSONVILLE NC 28546.00000","HUNTERS CREEK ELEMENTARY 3450 HUNTERS TRAIL JACKSONVILLE NC 28546.00000"
-97.080167502999984,47.924823148000023,2111,380000400803,"SCHOOL FOR THE BLIND","500 STANFORD RD","GRAND FORKS","ND",58203,"2799","(701) 795-2700",1,1,-999,"GRAND FORKS",38035,"USA",47.9248231480000,-97.0801675030000,611110,"ELEMENTARY AND SECONDARY SCHOOLS","http://nces.ed.gov/GLOBALLOCATOR/sch_info_popup.asp?Type=Public&ID=380000400803","2010-01-29 00:00:00.000","IMAGERY/OTHER","2010-07-20 00:00:00.000","http://nces.ed.gov/GLOBALLOCATOR/sch_info_popup.asp?Type=Public&ID=380000400803","N",-1,"N","N",3800004,-1,"NOT AVAILABLE","SCHOOL FOR THE BLIND 500 STANFORD RD GRAND FORKS ND 58203.00000","SCHOOL FOR THE BLIND 500 STANFORD RD GRAND FORKS ND 58203.00000"
-100.192185391999942,46.028951234000033,2112,380224000016,"BAKKER ELEMENTARY SCHOOL","880 96TH ST SE","HAGUE","ND",58542,"9327","(701) 336-7284",1,1,12,"EMMONS",38029,"USA",46.0289512340000,-100.1921853920000,611110,"ELEMENTARY AND SECONDARY SCHOOLS","http://nces.ed.gov/GLOBALLOCATOR/sch_info_popup.asp?Type=Public&ID=380224000016","2010-01-29 00:00:00.000","IMAGERY/OTHER","2010-07-16 00:00:00.000","http://nces.ed.gov/GLOBALLOCATOR/sch_info_popup.asp?Type=Public&ID=380224000016","1",11,"KG","08",3802240,1,"NOT AVAILABLE","BAKKER ELEMENTARY SCHOOL 880 96TH ST SE HAGUE ND 58542.00000","BAKKER ELEMENTARY SCHOOL 880 96TH ST SE HAGUE ND 58542.00000"
-111.979500736999967,33.347460624000064,2113,40075302838,"AMBASSADOR ACADEMY","3820 E. RAY RD.","PHOENIX","AZ",85044,"NOT AVAILABLE","NOT AVAILABLE",1,1,46,"MARICOPA",4013,"USA",33.3474606240001,-111.9795007370000,611110,"ELEMENTARY AND SECONDARY SCHOOLS","http://nces.ed.gov/GLOBALLOCATOR/sch_info_popup.asp?Type=Public&ID=040075302838","2010-01-29 00:00:00.000","IMAGERY","2017-10-31 00:00:00.000","http://nces.ed.gov/GLOBALLOCATOR/sch_info_popup.asp?Type=Public&ID=040075302838","1",46,"KG","06",400753,-1,"NOT AVAILABLE","AMBASSADOR ACADEMY 3820 E. RAY RD. PHOENIX AZ 85044.00000","AMBASSADOR ACADEMY 3820 E. RAY RD. PHOENIX AZ 85044.00000"
-111.719556406999970,33.627419639000038,2114,40304000639,"FOUNTAIN HILLS MIDDLE SCHOOL","15414 N. MCDOWELL MOUNTAIN ROA","FOUNTAIN HILLS","AZ",85268,"NOT AVAILABLE","NOT AVAILABLE",1,1,395,"MARICOPA",4013,"USA",33.6274196390000,-111.7195564070000,611110,"ELEMENTARY AND SECONDARY SCHOOLS","http://nces.ed.gov/GLOBALLOCATOR/sch_info_popup.asp?Type=Public&ID=040304000639","2010-01-29 00:00:00.000","IMAGERY","2010-05-10 00:00:00.000","http://nces.ed.gov/GLOBALLOCATOR/sch_info_popup.asp?Type=Public&ID=040304000639","2",372,"06","08",403040,23,"NOT AVAILABLE","FOUNTAIN HILLS MIDDLE SCHOOL 15414 N. MCDOWELL MOUNTAIN ROA FOUNTAIN HILLS AZ 85268.00000","FOUNTAIN HILLS MIDDLE SCHOOL 15414 N. MCDOWELL MOUNTAIN ROA FOUNTAIN HILLS AZ 85268.00000"
-92.461520637999968,35.092843899000059,2115,50459000571,"CONWAY VOCATIONAL CENTER","2300 PRINCE ST","CONWAY","AR",72032,"NOT AVAILABLE","NOT AVAILABLE",3,1,0,"FAULKNER",5045,"USA",35.0928438990001,-92.4615206380000,611110,"ELEMENTARY AND SECONDARY SCHOOLS","http://nces.ed.gov/GLOBALLOCATOR/sch_info_popup.asp?Type=Public&ID=050459000571","2010-01-29 00:00:00.000","IMAGERY","2010-08-10 00:00:00.000","http://nces.ed.gov/GLOBALLOCATOR/sch_info_popup.asp?Type=Public&ID=050459000571","3",0,"09","12",504590,-1,"NOT AVAILABLE","CONWAY VOCATIONAL CENTER 2300 PRINCE ST CONWAY AR 72032.00000","CONWAY VOCATIONAL CENTER 2300 PRINCE ST CONWAY AR 72032.00000"
-92.359372487999963,34.716138131000037,2116,50900000637,"WILSON ELEMENTARY SCHOOL","4015 STANNUS RD","LITTLE ROCK","AR",72204,"NOT AVAILABLE","NOT AVAILABLE",1,1,333,"PULASKI",5119,"USA",34.7161381310000,-92.3593724880000,611110,"ELEMENTARY AND SECONDARY SCHOOLS","http://nces.ed.gov/GLOBALLOCATOR/sch_info_popup.asp?Type=Public&ID=050900000637","2009-12-10 00:00:00.000","IMAGERY","2016-02-02 00:00:00.000","http://nces.ed.gov/GLOBALLOCATOR/sch_info_popup.asp?Type=Public&ID=050900000637","1",310,"PK","05",509000,23,"NOT AVAILABLE","WILSON ELEMENTARY SCHOOL 4015 STANNUS RD LITTLE ROCK AR 72204.00000","WILSON ELEMENTARY SCHOOL 4015 STANNUS RD LITTLE ROCK AR 72204.00000"
-118.054413191999956,33.878019571000038,2117,60162000029,"WHITNEY (GRETCHEN) HIGH","16800 SHOEMAKER AVE.","CERRITOS","CA",90703,"1244","NOT AVAILABLE",1,1,1059,"LOS ANGELES",6037,"USA",33.8780195710000,-118.0544131920000,611110,"ELEMENTARY AND SECONDARY SCHOOLS","http://nces.ed.gov/GLOBALLOCATOR/sch_info_popup.asp?Type=Public&ID=060162000029","2010-01-29 00:00:00.000","IMAGERY","2010-06-11 00:00:00.000","http://nces.ed.gov/GLOBALLOCATOR/sch_info_popup.asp?Type=Public&ID=060162000029","3",1019,"07","12",601620,40,"10781145","WHITNEY (GRETCHEN) HIGH 16800 SHOEMAKER AVE. CERRITOS CA 90703.00000","WHITNEY (GRETCHEN) HIGH 16800 SHOEMAKER AVE. CERRITOS CA 90703.00000"
-120.933809452999967,37.584305267000040,2118,60813010691,"WHITMORE CHARTER SCHOOL OF PERSONALIZED LEARNING","3435 DON PEDRO RD.","CERES","CA",95307,"NOT AVAILABLE","NOT AVAILABLE",1,1,11,"STANISLAUS",6099,"USA",37.5843052670000,-120.9338094530000,611110,"ELEMENTARY AND SECONDARY SCHOOLS","http://nces.ed.gov/GLOBALLOCATOR/sch_info_popup.asp?Type=Public&ID=060813010691","2010-01-29 00:00:00.000","IMAGERY/OTHER","2010-09-08 00:00:00.000","http://nces.ed.gov/GLOBALLOCATOR/sch_info_popup.asp?Type=Public&ID=060813010691","4",11,"KG","12",608130,0,"NOT AVAILABLE","WHITMORE CHARTER SCHOOL OF PERSONALIZED LEARNING 3435 DON PEDRO RD. CERES CA 95307.00000","WHITMORE CHARTER SCHOOL OF PERSONALIZED LEARNING 3435 DON PEDRO RD. CERES CA 95307.00000"
-122.180682887999978,40.069531161000029,2119,61509001904,"GERBER ELEMENTARY","23014 CHARD AVE.","GERBER","CA",96035,"9708","NOT AVAILABLE",1,1,414,"TEHAMA",6103,"USA",40.0695311610000,-122.1806828880000,611110,"ELEMENTARY AND SECONDARY SCHOOLS","http://nces.ed.gov/GLOBALLOCATOR/sch_info_popup.asp?Type=Public&ID=061509001904","2009-10-13 00:00:00.000","IMAGERY/OTHER","2016-03-01 00:00:00.000","http://nces.ed.gov/GLOBALLOCATOR/sch_info_popup.asp?Type=Public&ID=061509001904","1",398,"KG","08",615090,16,"NOT AVAILABLE","GERBER ELEMENTARY 23014 CHARD AVE. GERBER CA 96035.00000","GERBER ELEMENTARY 23014 CHARD AVE. GERBER CA 96035.00000"
-118.141579474999958,34.023800983000058,2120,62547003795,"EASTMONT INTERMEDIATE","400 N. BRADSHAWE AVE.","MONTEBELLO","CA",90640,"1562","NOT AVAILABLE",1,1,1007,"LOS ANGELES",6037,"USA",34.0238009830001,-118.1415794750000,611110,"ELEMENTARY AND SECONDARY SCHOOLS","http://nces.ed.gov/GLOBALLOCATOR/sch_info_popup.asp?Type=Public&ID=062547003795","2010-01-29 00:00:00.000","IMAGERY","2010-06-07 00:00:00.000","http://nces.ed.gov/GLOBALLOCATOR/sch_info_popup.asp?Type=Public&ID=062547003795","2",974,"06","08",625470,33,"NOT AVAILABLE","EASTMONT INTERMEDIATE 400 N. BRADSHAWE AVE. MONTEBELLO CA 90640.00000","EASTMONT INTERMEDIATE 400 N. BRADSHAWE AVE. MONTEBELLO CA 90640.00000"
-80.215150000000000,25.779660000000000,2121,120039008248,"SPORTS LEADERSHIP AND MANAGEMENT (SLAM) CHARTER MIDDLE SCHOO","604 NW 12 AVE","MIAMI","FL",33136,"3610","(305) 326-0003",1,1,587,"MIAMI-DADE",12086,"USA",25.7796600000000,-80.2151499999999,611110,"ELEMENTARY AND SECONDARY SCHOOLS","http://nces.ed.gov/GLOBALLOCATOR/sch_info_popup.asp?Type=Public&ID=120039008248","2016-01-05 00:00:00.000","IMAGERY/OTHER","2016-01-15 00:00:00.000","http://nces.ed.gov/GLOBALLOCATOR/sch_info_popup.asp?Type=Public&ID=120039008248","2",565,"06","08",1200390,22,"NOT AVAILABLE","SPORTS LEADERSHIP AND MANAGEMENT (SLAM) CHARTER MIDDLE SCHOO 604 NW 12 AVE MIAMI FL 33136.00000","SPORTS LEADERSHIP AND MANAGEMENT (SLAM) CHARTER MIDDLE SCHOO 604 NW 12 AVE MIAMI FL 33136.00000"
-97.532701238999948,37.670505839000050,2122,200654002052,"EISENHOWER HIGH SCHOOL","1230 S 167TH ST. W.","GODDARD","KS",67052,"NOT AVAILABLE","(316) 794-4190",1,1,928,"SEDGWICK",20173,"USA",37.6705058390000,-97.5327012389999,611110,"ELEMENTARY AND SECONDARY SCHOOLS","http://nces.ed.gov/GLOBALLOCATOR/sch_info_popup.asp?Type=Public&ID=200654002052","2014-02-04 00:00:00.000","IMAGERY","2014-05-06 00:00:00.000","http://nces.ed.gov/GLOBALLOCATOR/sch_info_popup.asp?Type=Public&ID=200654002052","3",875,"09","12",2006540,53,"NOT AVAILABLE","EISENHOWER HIGH SCHOOL 1230 S 167TH ST. W. GODDARD KS 67052.00000","EISENHOWER HIGH SCHOOL 1230 S 167TH ST. W. GODDARD KS 67052.00000"
-72.588899132999984,42.120586980000041,2123,251113002723,"SPRINGFIELD PUBLIC DAY ELEMENTARY SCHOOL","34 NYE STREET","SPRINGFIELD","MA",1104,"NOT AVAILABLE","(413) 886-5100",1,1,69,"HAMPDEN",25013,"USA",42.1205869800000,-72.5888991330000,611110,"ELEMENTARY AND SECONDARY SCHOOLS","http://nces.ed.gov/GLOBALLOCATOR/sch_info_popup.asp?Type=Public&ID=251113002723","2014-02-04 00:00:00.000","IMAGERY/OTHER","2014-05-07 00:00:00.000","http://nces.ed.gov/GLOBALLOCATOR/sch_info_popup.asp?Type=Public&ID=251113002723","1",55,"KG","05",2511130,14,"NOT AVAILABLE","SPRINGFIELD PUBLIC DAY ELEMENTARY SCHOOL 34 NYE STREET SPRINGFIELD MA 1104.00000","SPRINGFIELD PUBLIC DAY ELEMENTARY SCHOOL 34 NYE STREET SPRINGFIELD MA 1104.00000"
-83.159752207999986,42.365198592000063,2124,261200008222,"MACKENZIE ELEMENTARY-MIDDLE SCHOOL","10147 W CHICAGO","DETROIT","MI",48204,"2698","(313) 416-6400",1,1,1065,"WAYNE",26163,"USA",42.3651985920001,-83.1597522080000,611110,"ELEMENTARY AND SECONDARY SCHOOLS","http://nces.ed.gov/GLOBALLOCATOR/sch_info_popup.asp?Type=Public&ID=261200008222","2014-02-04 00:00:00.000","IMAGERY","2014-05-08 00:00:00.000","http://nces.ed.gov/GLOBALLOCATOR/sch_info_popup.asp?Type=Public&ID=261200008222","1",1018,"PK","08",2612000,47,"NOT AVAILABLE","MACKENZIE ELEMENTARY-MIDDLE SCHOOL 10147 W CHICAGO DETROIT MI 48204.00000","MACKENZIE ELEMENTARY-MIDDLE SCHOOL 10147 W CHICAGO DETROIT MI 48204.00000"
-83.378078717999983,44.423593757000042,2125,262697006312,"OSCODA AREA HIGH SCHOOL","3550 EAST RIVER RD","OSCODA","MI",48750,"9025","(989) 739-9121",1,1,596,"IOSCO",26069,"USA",44.4235937570000,-83.3780787180000,611110,"ELEMENTARY AND SECONDARY SCHOOLS","http://nces.ed.gov/GLOBALLOCATOR/sch_info_popup.asp?Type=Public&ID=262697006312","2009-10-13 00:00:00.000","IMAGERY/OTHER","2016-04-26 00:00:00.000","http://nces.ed.gov/GLOBALLOCATOR/sch_info_popup.asp?Type=Public&ID=262697006312","3",566,"07","12",2626970,30,"10779388","OSCODA AREA HIGH SCHOOL 3550 EAST RIVER RD OSCODA MI 48750.00000","OSCODA AREA HIGH SCHOOL 3550 EAST RIVER RD OSCODA MI 48750.00000"
-83.264870876999964,42.825009437000055,2126,262724008305,"OXFORD SCHOOLS EARLY COLLEGE","10 N WASHINGTON ST","OXFORD","MI",48371,"4665","(248) 969-5006",1,1,97,"OAKLAND",26125,"USA",42.8250094370001,-83.2648708770000,611110,"ELEMENTARY AND SECONDARY SCHOOLS","http://nces.ed.gov/GLOBALLOCATOR/sch_info_popup.asp?Type=Public&ID=262724008305","2014-02-04 00:00:00.000","GEOCODE","2014-05-08 00:00:00.000","http://nces.ed.gov/GLOBALLOCATOR/sch_info_popup.asp?Type=Public&ID=262724008305","3",95,"09","12",2627240,2,"NOT AVAILABLE","OXFORD SCHOOLS EARLY COLLEGE 10 N WASHINGTON ST OXFORD MI 48371.00000","OXFORD SCHOOLS EARLY COLLEGE 10 N WASHINGTON ST OXFORD MI 48371.00000"
-94.489071610999972,37.106536635000047,2127,291635000788,"ROYAL HEIGHTS ELEM.","2100 ROLLA ST","JOPLIN","MO",64802,"0128","(417) 625-5370",1,1,286,"JASPER",29097,"USA",37.1065366350001,-94.4890716110000,611110,"ELEMENTARY AND SECONDARY SCHOOLS","http://nces.ed.gov/GLOBALLOCATOR/sch_info_popup.asp?Type=Public&ID=291635000788","2009-10-13 00:00:00.000","IMAGERY/OTHER","2016-07-26 00:00:00.000","http://nces.ed.gov/GLOBALLOCATOR/sch_info_popup.asp?Type=Public&ID=291635000788","1",269,"KG","05",2916350,17,"NOT AVAILABLE","ROYAL HEIGHTS ELEM. 2100 ROLLA ST JOPLIN MO 64802.00000","ROYAL HEIGHTS ELEM. 2100 ROLLA ST JOPLIN MO 64802.00000"
-94.374727916999973,38.907403113000029,2128,291830003135,"MILLER PARK CENTER","600 SE MILLER STREET","LEE'S SUMMIT","MO",64063,"4261","(816) 986-1540",1,1,0,"JACKSON",29095,"USA",38.9074031130000,-94.3747279170000,611110,"ELEMENTARY AND SECONDARY SCHOOLS","http://nces.ed.gov/GLOBALLOCATOR/sch_info_popup.asp?Type=Public&ID=291830003135","2011-09-30 00:00:00.000","IMAGERY","2011-09-30 00:00:00.000","http://nces.ed.gov/GLOBALLOCATOR/sch_info_popup.asp?Type=Public&ID=291830003135","4",0,"KG","12",2918300,-1,"NOT AVAILABLE","MILLER PARK CENTER 600 SE MILLER STREET LEE'S SUMMIT MO 64063.00000","MILLER PARK CENTER 600 SE MILLER STREET LEE'S SUMMIT MO 64063.00000"
-93.336442241999976,38.748975355000020,2129,292469001713,"PETTIS CO. ELEM.","22675 DEPOT RD","SEDALIA","MO",65301,"9505","(660) 826-5385",1,1,180,"PETTIS",29159,"USA",38.7489753550000,-93.3364422420000,611110,"ELEMENTARY AND SECONDARY SCHOOLS","http://nces.ed.gov/GLOBALLOCATOR/sch_info_popup.asp?Type=Public&ID=292469001713","2009-10-13 00:00:00.000","IMAGERY/OTHER","2016-07-28 00:00:00.000","http://nces.ed.gov/GLOBALLOCATOR/sch_info_popup.asp?Type=Public&ID=292469001713","1",162,"PK","08",2924690,18,"10806270","PETTIS CO. ELEM. 22675 DEPOT RD SEDALIA MO 65301.00000","PETTIS CO. ELEM. 22675 DEPOT RD SEDALIA MO 65301.00000"
-82.376721809999935,38.883319592000078,2130,390440300991,"RIO GRANDE ELEMENTARY SCHOOL","439 LAKE DRIVE","RIO GRANDE","OH",45674,"0197","(740) 245-5333",1,1,314,"GALLIA",39053,"USA",38.8833195920001,-82.3767218099999,611110,"ELEMENTARY AND SECONDARY SCHOOLS","http://nces.ed.gov/GLOBALLOCATOR/sch_info_popup.asp?Type=Public&ID=390440300991","2009-10-13 00:00:00.000","IMAGERY/OTHER","2010-09-07 00:00:00.000","http://nces.ed.gov/GLOBALLOCATOR/sch_info_popup.asp?Type=Public&ID=390440300991","1",314,"PK","05",3904403,-1,"NOT AVAILABLE","RIO GRANDE ELEMENTARY SCHOOL 439 LAKE DRIVE RIO GRANDE OH 45674.00000","RIO GRANDE ELEMENTARY SCHOOL 439 LAKE DRIVE RIO GRANDE OH 45674.00000"
-82.904053860999980,40.157116392000027,2131,390450404565,"ALCOTT ELEMENTARY SCHOOL","7117 MOUNT ROYAL AVE","WESTERVILLE","OH",43082,"8392","(614) 797-7350",1,1,546,"DELAWARE",39041,"USA",40.1571163920000,-82.9040538610000,611110,"ELEMENTARY AND SECONDARY SCHOOLS","http://nces.ed.gov/GLOBALLOCATOR/sch_info_popup.asp?Type=Public&ID=390450404565","2010-01-29 00:00:00.000","IMAGERY/OTHER","2010-09-10 00:00:00.000","http://nces.ed.gov/GLOBALLOCATOR/sch_info_popup.asp?Type=Public&ID=390450404565","1",546,"KG","05",3904504,-1,"10818450","ALCOTT ELEMENTARY SCHOOL 7117 MOUNT ROYAL AVE WESTERVILLE OH 43082.00000","ALCOTT ELEMENTARY SCHOOL 7117 MOUNT ROYAL AVE WESTERVILLE OH 43082.00000"
-97.630366845999959,35.539482960000043,2132,402529001345,"TULAKES ES","6600 GALAXIE DRIVE","OKLAHOMA CITY","OK",73132,"3132","(405) 721-4360",1,1,651,"OKLAHOMA",40109,"USA",35.5394829600000,-97.6303668460000,611110,"ELEMENTARY AND SECONDARY SCHOOLS","http://nces.ed.gov/GLOBALLOCATOR/sch_info_popup.asp?Type=Public&ID=402529001345","2009-10-13 00:00:00.000","IMAGERY/OTHER","2016-09-01 00:00:00.000","http://nces.ed.gov/GLOBALLOCATOR/sch_info_popup.asp?Type=Public&ID=402529001345","1",613,"PK","05",4025290,38,"NOT AVAILABLE","TULAKES ES 6600 GALAXIE DRIVE OKLAHOMA CITY OK 73132.00000","TULAKES ES 6600 GALAXIE DRIVE OKLAHOMA CITY OK 73132.00000"
-76.455411597999955,40.998615359000034,2133,420384001606,"MEMORIAL EL SCH","500 MARKET ST","BLOOMSBURG","PA",17815,"NOT AVAILABLE","(570) 784-7885",1,1,468,"COLUMBIA",42037,"USA",40.9986153590000,-76.4554115980000,611110,"ELEMENTARY AND SECONDARY SCHOOLS","http://nces.ed.gov/GLOBALLOCATOR/sch_info_popup.asp?Type=Public&ID=420384001606","2009-10-13 00:00:00.000","IMAGERY/OTHER","2016-09-06 00:00:00.000","http://nces.ed.gov/GLOBALLOCATOR/sch_info_popup.asp?Type=Public&ID=420384001606","1",432,"KG","05",4203840,36,"10781056","MEMORIAL EL SCH 500 MARKET ST BLOOMSBURG PA 17815.00000","MEMORIAL EL SCH 500 MARKET ST BLOOMSBURG PA 17815.00000"
-80.102657285999953,40.378913980000050,2134,420570006706,"CHARTIERS VALLEY HS","50 THOMS RUN RD","BRIDGEVILLE","PA",15017,"NOT AVAILABLE","(412) 429-2273",1,1,1164,"ALLEGHENY",42003,"USA",40.3789139800001,-80.1026572860000,611110,"ELEMENTARY AND SECONDARY SCHOOLS","http://nces.ed.gov/GLOBALLOCATOR/sch_info_popup.asp?Type=Public&ID=420570006706","2010-01-29 00:00:00.000","IMAGERY","2010-05-07 00:00:00.000","http://nces.ed.gov/GLOBALLOCATOR/sch_info_popup.asp?Type=Public&ID=420570006706","3",1086,"09","12",4205700,78,"10793328","CHARTIERS VALLEY HS 50 THOMS RUN RD BRIDGEVILLE PA 15017.00000","CHARTIERS VALLEY HS 50 THOMS RUN RD BRIDGEVILLE PA 15017.00000"
-75.429031671999951,40.588474411000043,2135,422073006864,"HARRY S TRUMAN EL SCH","1400 GASKILL AVE","ALLENTOWN","PA",18103,"NOT AVAILABLE","(610) 791-2800",1,1,410,"LEHIGH",42077,"USA",40.5884744110001,-75.4290316720000,611110,"ELEMENTARY AND SECONDARY SCHOOLS","http://nces.ed.gov/GLOBALLOCATOR/sch_info_popup.asp?Type=Public&ID=422073006864","2009-12-10 00:00:00.000","IMAGERY/OTHER","2016-09-08 00:00:00.000","http://nces.ed.gov/GLOBALLOCATOR/sch_info_popup.asp?Type=Public&ID=422073006864","1",384,"KG","05",4220730,26,"NOT AVAILABLE","HARRY S TRUMAN EL SCH 1400 GASKILL AVE ALLENTOWN PA 18103.00000","HARRY S TRUMAN EL SCH 1400 GASKILL AVE ALLENTOWN PA 18103.00000"
-75.385765628999920,40.074362884000031,2136,422448003391,"ROBERTS EL SCH","889 CROTON ROAD","WAYNE","PA",19087,"NOT AVAILABLE","(610) 205-3752",1,1,386,"MONTGOMERY",42091,"USA",40.0743628840000,-75.3857656289999,611110,"ELEMENTARY AND SECONDARY SCHOOLS","http://nces.ed.gov/GLOBALLOCATOR/sch_info_popup.asp?Type=Public&ID=422448003391","2009-12-10 00:00:00.000","IMAGERY/OTHER","2016-09-12 00:00:00.000","http://nces.ed.gov/GLOBALLOCATOR/sch_info_popup.asp?Type=Public&ID=422448003391","1",361,"KG","04",4224480,25,"NOT AVAILABLE","ROBERTS EL SCH 889 CROTON ROAD WAYNE PA 19087.00000","ROBERTS EL SCH 889 CROTON ROAD WAYNE PA 19087.00000"
-88.275208661999955,35.635359499000060,2137,470180000605,"PIN OAK ELEMENTARY","19925 HWY 412 EAST","LEXINGTON","TN",38351,"NOT AVAILABLE","(731) 968-7341",1,1,424,"HENDERSON",47077,"USA",35.6353594990001,-88.2752086620000,611110,"ELEMENTARY AND SECONDARY SCHOOLS","http://nces.ed.gov/GLOBALLOCATOR/sch_info_popup.asp?Type=Public&ID=470180000605","2009-10-13 00:00:00.000","IMAGERY/OTHER","2016-09-19 00:00:00.000","http://nces.ed.gov/GLOBALLOCATOR/sch_info_popup.asp?Type=Public&ID=470180000605","1",400,"PK","08",4701800,24,"10780150","PIN OAK ELEMENTARY 19925 HWY 412 EAST LEXINGTON TN 38351.00000","PIN OAK ELEMENTARY 19925 HWY 412 EAST LEXINGTON TN 38351.00000"
-97.996424363999949,26.174987947000030,2138,480021111427,"IDEA QUEST ACADEMY","14001 N ROOTH RD","EDINBURG","TX",78541,"NOT AVAILABLE","(956) 287-1003",1,1,718,"HIDALGO",48215,"USA",26.1749879470000,-97.9964243639999,611110,"ELEMENTARY AND SECONDARY SCHOOLS","http://nces.ed.gov/GLOBALLOCATOR/sch_info_popup.asp?Type=Public&ID=480021111427","2010-01-29 00:00:00.000","IMAGERY","2017-10-31 00:00:00.000","http://nces.ed.gov/GLOBALLOCATOR/sch_info_popup.asp?Type=Public&ID=480021111427","1",692,"KG","05",4800211,26,"NOT AVAILABLE","IDEA QUEST ACADEMY 14001 N ROOTH RD EDINBURG TX 78541.00000","IDEA QUEST ACADEMY 14001 N ROOTH RD EDINBURG TX 78541.00000"
-97.760888147999990,30.278332077000066,2139,480894000332,"MATHEWS EL","906 W LYNN ST","AUSTIN","TX",78703,"4799","(512) 414-4406",1,1,438,"TRAVIS",48453,"USA",30.2783320770001,-97.7608881480000,611110,"ELEMENTARY AND SECONDARY SCHOOLS","http://nces.ed.gov/GLOBALLOCATOR/sch_info_popup.asp?Type=Public&ID=480894000332","2010-01-29 00:00:00.000","IMAGERY","2010-03-10 00:00:00.000","http://nces.ed.gov/GLOBALLOCATOR/sch_info_popup.asp?Type=Public&ID=480894000332","1",410,"PK","06",4808940,28,"NOT AVAILABLE","MATHEWS EL 906 W LYNN ST AUSTIN TX 78703.00000","MATHEWS EL 906 W LYNN ST AUSTIN TX 78703.00000"
-97.276018458999943,29.090133769000019,2140,481596001164,"CUERO H S","920 E BROADWAY","CUERO","TX",77954,"2132","(361) 275-1900",1,1,702,"DEWITT",48123,"USA",29.0901337690000,-97.2760184589999,611110,"ELEMENTARY AND SECONDARY SCHOOLS","http://nces.ed.gov/GLOBALLOCATOR/sch_info_popup.asp?Type=Public&ID=481596001164","2009-10-13 00:00:00.000","IMAGERY/OTHER","2016-09-26 00:00:00.000","http://nces.ed.gov/GLOBALLOCATOR/sch_info_popup.asp?Type=Public&ID=481596001164","3",650,"09","12",4815960,52,"NOT AVAILABLE","CUERO H S 920 E BROADWAY CUERO TX 77954.00000","CUERO H S 920 E BROADWAY CUERO TX 77954.00000"
-106.482865625999978,31.756749035000034,2141,481830006945,"TELLES ACADEMY","320 S CAMPBELL ST","EL PASO","TX",79901,"0100","(915) 496-4600",4,1,88,"EL PASO",48141,"USA",31.7567490350000,-106.4828656260000,611110,"ELEMENTARY AND SECONDARY SCHOOLS","http://nces.ed.gov/GLOBALLOCATOR/sch_info_popup.asp?Type=Public&ID=481830006945","2010-01-29 00:00:00.000","IMAGERY","2010-04-15 00:00:00.000","http://nces.ed.gov/GLOBALLOCATOR/sch_info_popup.asp?Type=Public&ID=481830006945","3",72,"09","12",4818300,16,"NOT AVAILABLE","TELLES ACADEMY 320 S CAMPBELL ST EL PASO TX 79901.00000","TELLES ACADEMY 320 S CAMPBELL ST EL PASO TX 79901.00000"
-97.126285125999971,32.886344822000069,2142,482166006266,"TAYLOR EL","5300 POOL RD","COLLEYVILLE","TX",76034,"5090","(817) 305-4870",1,1,481,"TARRANT",48439,"USA",32.8863448220001,-97.1262851260000,611110,"ELEMENTARY AND SECONDARY SCHOOLS","http://nces.ed.gov/GLOBALLOCATOR/sch_info_popup.asp?Type=Public&ID=482166006266","2009-12-10 00:00:00.000","IMAGERY/OTHER","2016-10-19 00:00:00.000","http://nces.ed.gov/GLOBALLOCATOR/sch_info_popup.asp?Type=Public&ID=482166006266","1",450,"PK","05",4821660,31,"NOT AVAILABLE","TAYLOR EL 5300 POOL RD COLLEYVILLE TX 76034.00000","TAYLOR EL 5300 POOL RD COLLEYVILLE TX 76034.00000"
-96.894773397999984,31.311529644000061,2143,482913009552,"FEC AEP","217 KENDRICK  ST","MARLIN","TX",76661,"NOT AVAILABLE","(254) 803-2152",4,2,-999,"FALLS",48145,"USA",31.3115296440001,-96.8947733980000,611110,"ELEMENTARY AND SECONDARY SCHOOLS","http://nces.ed.gov/GLOBALLOCATOR/sch_info_popup.asp?Type=Public&ID=482913009552","2010-01-29 00:00:00.000","IMAGERY/OTHER","2010-08-16 00:00:00.000","http://nces.ed.gov/GLOBALLOCATOR/sch_info_popup.asp?Type=Public&ID=482913009552","N",-1,"06","12",4829130,-1,"NOT AVAILABLE","FEC AEP 217 KENDRICK  ST MARLIN TX 76661.00000","FEC AEP 217 KENDRICK  ST MARLIN TX 76661.00000"
-96.640345267999976,32.835094365000025,2144,483039003418,"SHANDS EL","4836 SHANDS DR","MESQUITE","TX",75150,"1152","(972) 290-4020",1,1,954,"DALLAS",48113,"USA",32.8350943650000,-96.6403452680000,611110,"ELEMENTARY AND SECONDARY SCHOOLS","http://nces.ed.gov/GLOBALLOCATOR/sch_info_popup.asp?Type=Public&ID=483039003418","2010-01-29 00:00:00.000","IMAGERY","2010-03-26 00:00:00.000","http://nces.ed.gov/GLOBALLOCATOR/sch_info_popup.asp?Type=Public&ID=483039003418","1",898,"KG","06",4830390,56,"NOT AVAILABLE","SHANDS EL 4836 SHANDS DR MESQUITE TX 75150.00000","SHANDS EL 4836 SHANDS DR MESQUITE TX 75150.00000"
-96.744874889999949,33.065348722000060,2145,483510005573,"SCHIMELPFENIG MIDDLE","2400 MAUMELLE DR","PLANO","TX",75023,"1410","(469) 752-6400",1,1,1010,"COLLIN",48085,"USA",33.0653487220001,-96.7448748899999,611110,"ELEMENTARY AND SECONDARY SCHOOLS","http://nces.ed.gov/GLOBALLOCATOR/sch_info_popup.asp?Type=Public&ID=483510005573","2009-12-10 00:00:00.000","IMAGERY/OTHER","2016-09-26 00:00:00.000","http://nces.ed.gov/GLOBALLOCATOR/sch_info_popup.asp?Type=Public&ID=483510005573","2",957,"06","08",4835100,53,"NOT AVAILABLE","SCHIMELPFENIG MIDDLE 2400 MAUMELLE DR PLANO TX 75023.00000","SCHIMELPFENIG MIDDLE 2400 MAUMELLE DR PLANO TX 75023.00000"
-79.471545098999968,37.163760100000040,2146,510036000149,"HUDDLESTON ELEM","1027 HUDDLESTON DRIVE","HUDDLESTON","VA",24104,"NOT AVAILABLE","(540) 297-5144",1,1,178,"BEDFORD",51019,"USA",37.1637601000000,-79.4715450990000,611110,"ELEMENTARY AND SECONDARY SCHOOLS","http://nces.ed.gov/GLOBALLOCATOR/sch_info_popup.asp?Type=Public&ID=510036000149","2009-10-13 00:00:00.000","IMAGERY/OTHER","2010-07-07 00:00:00.000","http://nces.ed.gov/GLOBALLOCATOR/sch_info_popup.asp?Type=Public&ID=510036000149","1",168,"PK","05",5100360,10,"NOT AVAILABLE","HUDDLESTON ELEM 1027 HUDDLESTON DRIVE HUDDLESTON VA 24104.00000","HUDDLESTON ELEM 1027 HUDDLESTON DRIVE HUDDLESTON VA 24104.00000"
-77.446886909999975,37.596353700000066,2147,510324001374,"HENDERSON MIDDLE","4319 OLD BROOK RD","RICHMOND","VA",23227,"3896","(804) 780-8288",1,1,534,"RICHMOND",51760,"USA",37.5963537000001,-77.4468869100000,611110,"ELEMENTARY AND SECONDARY SCHOOLS","http://nces.ed.gov/GLOBALLOCATOR/sch_info_popup.asp?Type=Public&ID=510324001374","2009-10-13 00:00:00.000","IMAGERY/OTHER","2016-10-27 00:00:00.000","http://nces.ed.gov/GLOBALLOCATOR/sch_info_popup.asp?Type=Public&ID=510324001374","2",495,"06","08",5103240,39,"NOT AVAILABLE","HENDERSON MIDDLE 4319 OLD BROOK RD RICHMOND VA 23227.00000","HENDERSON MIDDLE 4319 OLD BROOK RD RICHMOND VA 23227.00000"
-122.143791000000000,48.029888032000031,2148,530486000740,"SUNNYSIDE ELEMENTARY","3707 SUNNYSIDE BLVD","MARYSVILLE","WA",98270,"9544","(360) 653-0645",1,1,523,"SNOHOMISH",53061,"USA",48.0298880320000,-122.1437910000000,611110,"ELEMENTARY AND SECONDARY SCHOOLS","http://nces.ed.gov/GLOBALLOCATOR/sch_info_popup.asp?Type=Public&ID=530486000740","2009-12-10 00:00:00.000","IMAGERY/OTHER","2010-08-13 00:00:00.000","http://nces.ed.gov/GLOBALLOCATOR/sch_info_popup.asp?Type=Public&ID=530486000740","1",496,"KG","05",5304860,27,"10795226","SUNNYSIDE ELEMENTARY 3707 SUNNYSIDE BLVD MARYSVILLE WA 98270.00000","SUNNYSIDE ELEMENTARY 3707 SUNNYSIDE BLVD MARYSVILLE WA 98270.00000"
-90.863061481999978,44.293803060000080,2149,550126000174,"BLACK RIVER FALLS MIDDLE","1202 PIERCE ST","BLACK RIVER FALLS","WI",54615,"1559","(715) 284-5315",1,1,405,"JACKSON",55053,"USA",44.2938030600001,-90.8630614820000,611110,"ELEMENTARY AND SECONDARY SCHOOLS","http://nces.ed.gov/GLOBALLOCATOR/sch_info_popup.asp?Type=Public&ID=550126000174","2009-10-13 00:00:00.000","IMAGERY/OTHER","2010-08-19 00:00:00.000","http://nces.ed.gov/GLOBALLOCATOR/sch_info_popup.asp?Type=Public&ID=550126000174","2",405,"06","08",5501260,-1,"NOT AVAILABLE","BLACK RIVER FALLS MIDDLE 1202 PIERCE ST BLACK RIVER FALLS WI 54615.00000","BLACK RIVER FALLS MIDDLE 1202 PIERCE ST BLACK RIVER FALLS WI 54615.00000"
-87.824758924999969,43.842822649000013,2150,550666000723,"NORTHVIEW ELEMENTARY","902 TYLER RD","HOWARDS GROVE","WI",53083,"1099","(920) 565-4457",1,1,314,"SHEBOYGAN",55117,"USA",43.8428226490000,-87.8247589250000,611110,"ELEMENTARY AND SECONDARY SCHOOLS","http://nces.ed.gov/GLOBALLOCATOR/sch_info_popup.asp?Type=Public&ID=550666000723","2009-10-13 00:00:00.000","IMAGERY/OTHER","2010-08-25 00:00:00.000","http://nces.ed.gov/GLOBALLOCATOR/sch_info_popup.asp?Type=Public&ID=550666000723","1",314,"PK","04",5506660,-1,"10789139","NORTHVIEW ELEMENTARY 902 TYLER RD HOWARDS GROVE WI 53083.00000","NORTHVIEW ELEMENTARY 902 TYLER RD HOWARDS GROVE WI 53083.00000"
-88.907957019999969,43.086351788000059,2151,550771000889,"LAKE MILLS ELEMENTARY","155 E PINE ST","LAKE MILLS","WI",53551,"NOT AVAILABLE","(920) 648-2338",1,1,636,"JEFFERSON",55055,"USA",43.0863517880001,-88.9079570200000,611110,"ELEMENTARY AND SECONDARY SCHOOLS","http://nces.ed.gov/GLOBALLOCATOR/sch_info_popup.asp?Type=Public&ID=550771000889","2009-10-13 00:00:00.000","IMAGERY/OTHER","2010-08-26 00:00:00.000","http://nces.ed.gov/GLOBALLOCATOR/sch_info_popup.asp?Type=Public&ID=550771000889","1",636,"PK","04",5507710,-1,"10799248","LAKE MILLS ELEMENTARY 155 E PINE ST LAKE MILLS WI 53551.00000","LAKE MILLS ELEMENTARY 155 E PINE ST LAKE MILLS WI 53551.00000"
-89.652921247999984,44.963437499000058,2152,551590002747,"ENRICH EXCEL ACHIEVE LEARNING ACADEMY","2607 N 18TH ST","WAUSAU","WI",54403,"NOT AVAILABLE","(715) 261-2490",4,1,80,"MARATHON",55073,"USA",44.9634374990001,-89.6529212480000,611110,"ELEMENTARY AND SECONDARY SCHOOLS","http://nces.ed.gov/GLOBALLOCATOR/sch_info_popup.asp?Type=Public&ID=551590002747","2010-01-29 00:00:00.000","GEOCODE","2017-10-31 00:00:00.000","http://nces.ed.gov/GLOBALLOCATOR/sch_info_popup.asp?Type=Public&ID=551590002747","4",80,"06","12",5515900,-1,"NOT AVAILABLE","ENRICH EXCEL ACHIEVE LEARNING ACADEMY 2607 N 18TH ST WAUSAU WI 54403.00000","ENRICH EXCEL ACHIEVE LEARNING ACADEMY 2607 N 18TH ST WAUSAU WI 54403.00000"
-108.433701437999943,44.451041196000070,2153,560142000478,"BURLINGTON HIGH SCHOOL","109 SCHOOL AVE","BURLINGTON","WY",82411,"0009","(307) 762-3334",1,1,249,"BIG HORN",56003,"USA",44.4510411960001,-108.4337014380000,611110,"ELEMENTARY AND SECONDARY SCHOOLS","http://nces.ed.gov/GLOBALLOCATOR/sch_info_popup.asp?Type=Public&ID=560142000478","2009-10-13 00:00:00.000","IMAGERY/OTHER","2016-11-01 00:00:00.000","http://nces.ed.gov/GLOBALLOCATOR/sch_info_popup.asp?Type=Public&ID=560142000478","3",239,"09","12",5601420,10,"NOT AVAILABLE","BURLINGTON HIGH SCHOOL 109 SCHOOL AVE BURLINGTON WY 82411.00000","BURLINGTON HIGH SCHOOL 109 SCHOOL AVE BURLINGTON WY 82411.00000"
-66.119366464999985,18.256848874000053,2154,720003000216,"LUIS T BALINAS","CARR. 174 KM 21 HM 5 BO MULA","AGUAS BUENAS","PR",703,"NOT AVAILABLE","(787) 732-8191",1,1,311,"AGUAS BUENAS",72007,"PRI",18.2568488740001,-66.1193664650000,611110,"ELEMENTARY AND SECONDARY SCHOOLS","http://nces.ed.gov/GLOBALLOCATOR/sch_info_popup.asp?Type=Public&ID=720003000216","2010-01-29 00:00:00.000","IMAGERY","2010-09-16 00:00:00.000","http://nces.ed.gov/GLOBALLOCATOR/sch_info_popup.asp?Type=Public&ID=720003000216","1",289,"KG","06",7200030,22,"10809288","LUIS T BALINAS CARR. 174 KM 21 HM 5 BO MULA AGUAS BUENAS PR 703.00000","LUIS T BALINAS CARR. 174 KM 21 HM 5 BO MULA AGUAS BUENAS PR 703.00000"
-66.165594651999982,18.339120942000019,2155,720003000453,"NUEVA ESCUELA SU DE BAYAMON","CARR 167 RAMAL 816 KM 6 BO NUE","BAYAMON","PR",956,"NOT AVAILABLE","(787) 730-5613",1,1,283,"BAYAMÓN",72021,"PRI",18.3391209420000,-66.1655946520000,611110,"ELEMENTARY AND SECONDARY SCHOOLS","http://nces.ed.gov/GLOBALLOCATOR/sch_info_popup.asp?Type=Public&ID=720003000453","2010-01-29 00:00:00.000","UNVERIFIED","2010-09-20 00:00:00.000","http://nces.ed.gov/GLOBALLOCATOR/sch_info_popup.asp?Type=Public&ID=720003000453","4",263,"KG","09",7200030,20,"NOT AVAILABLE","NUEVA ESCUELA SU DE BAYAMON CARR 167 RAMAL 816 KM 6 BO NUE BAYAMON PR 956.00000","NUEVA ESCUELA SU DE BAYAMON CARR 167 RAMAL 816 KM 6 BO NUE BAYAMON PR 956.00000"
-66.213872103999961,18.408322614000031,2156,720003001235,"ERNESTO JUAN FONFRIAS RIVERA","CARR 2 KM 17 HM 7 SECCION MACU","TOA BAJA","PR",949,"NOT AVAILABLE","(787) 780-1750",1,1,175,"TOA BAJA",72137,"PRI",18.4083226140000,-66.2138721040000,611110,"ELEMENTARY AND SECONDARY SCHOOLS","http://nces.ed.gov/GLOBALLOCATOR/sch_info_popup.asp?Type=Public&ID=720003001235","2010-01-29 00:00:00.000","IMAGERY/OTHER","2010-09-17 00:00:00.000","http://nces.ed.gov/GLOBALLOCATOR/sch_info_popup.asp?Type=Public&ID=720003001235","1",159,"KG","06",7200030,16,"NOT AVAILABLE","ERNESTO JUAN FONFRIAS RIVERA CARR 2 KM 17 HM 7 SECCION MACU TOA BAJA PR 949.00000","ERNESTO JUAN FONFRIAS RIVERA CARR 2 KM 17 HM 7 SECCION MACU TOA BAJA PR 949.00000"
-92.404999737999958,34.865282916000062,2157,50005900603,"ACADEMICS PLUS CHARTER SCHOOL","900 EDGEWOOD DR","MAUMELLE","AR",72113,"NOT AVAILABLE","NOT AVAILABLE",1,1,467,"PULASKI",5119,"USA",34.8652829160001,-92.4049997380000,611110,"ELEMENTARY AND SECONDARY SCHOOLS","http://nces.ed.gov/GLOBALLOCATOR/sch_info_popup.asp?Type=Public&ID=050005900603","2010-01-29 00:00:00.000","IMAGERY","2010-05-20 00:00:00.000","http://nces.ed.gov/GLOBALLOCATOR/sch_info_popup.asp?Type=Public&ID=050005900603","1",441,"KG","05",500059,26,"NOT AVAILABLE","ACADEMICS PLUS CHARTER SCHOOL 900 EDGEWOOD DR MAUMELLE AR 72113.00000","ACADEMICS PLUS CHARTER SCHOOL 900 EDGEWOOD DR MAUMELLE AR 72113.00000"
-122.657498657999952,38.231265884000031,2158,63023012877,"SIXTH GRADE CHARTER ACADEMY AT PETALUMA JR. HIGH","700 BANTAM WAY","PETALUMA","CA",94952,"1709","NOT AVAILABLE",1,1,63,"SONOMA",6097,"USA",38.2312658840000,-122.6574986580000,611110,"ELEMENTARY AND SECONDARY SCHOOLS","http://nces.ed.gov/GLOBALLOCATOR/sch_info_popup.asp?Type=Public&ID=063023012877","2014-02-04 00:00:00.000","IMAGERY","2014-05-16 00:00:00.000","http://nces.ed.gov/GLOBALLOCATOR/sch_info_popup.asp?Type=Public&ID=063023012877","2",61,"06","06",630230,2,"NOT AVAILABLE","SIXTH GRADE CHARTER ACADEMY AT PETALUMA JR. HIGH 700 BANTAM WAY PETALUMA CA 94952.00000","SIXTH GRADE CHARTER ACADEMY AT PETALUMA JR. HIGH 700 BANTAM WAY PETALUMA CA 94952.00000"
-117.206615074999959,32.852934723000025,2159,63432005554,"STANDLEY MIDDLE","6298 RADCLIFFE DR.","SAN DIEGO","CA",92122,"3330","NOT AVAILABLE",1,1,1113,"SAN DIEGO",6073,"USA",32.8529347230000,-117.2066150750000,611110,"ELEMENTARY AND SECONDARY SCHOOLS","http://nces.ed.gov/GLOBALLOCATOR/sch_info_popup.asp?Type=Public&ID=063432005554","2009-12-10 00:00:00.000","IMAGERY","2011-10-21 00:00:00.000","http://nces.ed.gov/GLOBALLOCATOR/sch_info_popup.asp?Type=Public&ID=063432005554","2",1072,"06","08",634320,41,"10797416","STANDLEY MIDDLE 6298 RADCLIFFE DR. SAN DIEGO CA 92122.00000","STANDLEY MIDDLE 6298 RADCLIFFE DR. SAN DIEGO CA 92122.00000"
-104.921577480999986,39.821140869000033,2160,80002001876,"COMMUNITY LEADERSHIP ACADEMY","6880 HOLLY STREET","COMMERCE CITY","CO",80022,"2536","NOT AVAILABLE",1,1,579,"ADAMS",8001,"USA",39.8211408690000,-104.9215774810000,611110,"ELEMENTARY AND SECONDARY SCHOOLS","http://nces.ed.gov/GLOBALLOCATOR/sch_info_popup.asp?Type=Public&ID=080002001876","2014-02-04 00:00:00.000","IMAGERY/OTHER","2014-05-19 00:00:00.000","http://nces.ed.gov/GLOBALLOCATOR/sch_info_popup.asp?Type=Public&ID=080002001876","1",554,"PK","05",800020,25,"NOT AVAILABLE","COMMUNITY LEADERSHIP ACADEMY 6880 HOLLY STREET COMMERCE CITY CO 80022.00000","COMMUNITY LEADERSHIP ACADEMY 6880 HOLLY STREET COMMERCE CITY CO 80022.00000"
-80.390420086999939,25.599553481000040,2161,120039002148,"ROBERT MORGAN EDUCATIONAL CENTER AND TECHNICAL COLLEGE","18180 SW 122ND AVE","MIAMI","FL",33177,"2407","(305) 253-9920",3,1,33,"MIAMI-DADE",12086,"USA",25.5995534810000,-80.3904200869999,611110,"ELEMENTARY AND SECONDARY SCHOOLS","http://nces.ed.gov/GLOBALLOCATOR/sch_info_popup.asp?Type=Public&ID=120039002148","2009-10-13 00:00:00.000","IMAGERY/OTHER","2016-03-11 00:00:00.000","http://nces.ed.gov/GLOBALLOCATOR/sch_info_popup.asp?Type=Public&ID=120039002148","3",0,"09","12",1200390,33,"10793513","ROBERT MORGAN EDUCATIONAL CENTER AND TECHNICAL COLLEGE 18180 SW 122ND AVE MIAMI FL 33177.00000","ROBERT MORGAN EDUCATIONAL CENTER AND TECHNICAL COLLEGE 18180 SW 122ND AVE MIAMI FL 33177.00000"
-81.361484124999947,28.298862000000000,2162,120147005802,"OSCEOLA VIRTUAL FRANCHISE (SECONDARY)","1200 VERMONT AVE","ST CLOUD","FL",34769,"NOT AVAILABLE","(407) 870-4847",1,1,4,"OSCEOLA",12097,"USA",28.2988620000000,-81.3614841249999,611110,"ELEMENTARY AND SECONDARY SCHOOLS","http://nces.ed.gov/GLOBALLOCATOR/sch_info_popup.asp?Type=Public&ID=120147005802","2010-01-29 00:00:00.000","IMAGERY","2010-05-25 00:00:00.000","http://nces.ed.gov/GLOBALLOCATOR/sch_info_popup.asp?Type=Public&ID=120147005802","4",4,"06","12",1201470,-1,"NOT AVAILABLE","OSCEOLA VIRTUAL FRANCHISE (SECONDARY) 1200 VERMONT AVE ST CLOUD FL 34769.00000","OSCEOLA VIRTUAL FRANCHISE (SECONDARY) 1200 VERMONT AVE ST CLOUD FL 34769.00000"
-84.361986894000000,33.670795642000037,2163,130012003551,"SOUTH ATLANTA SCHOOL OF COMPUTER ANIMATION AND DESIGN","800 HUTCHENS RD SE","ATLANTA","GA",30354,"NOT AVAILABLE","(404) 362-5057",1,1,328,"FULTON",13121,"USA",33.6707956420000,-84.3619868940000,611110,"ELEMENTARY AND SECONDARY SCHOOLS","http://nces.ed.gov/GLOBALLOCATOR/sch_info_popup.asp?Type=Public&ID=130012003551","2010-01-29 00:00:00.000","IMAGERY","2010-05-25 00:00:00.000","http://nces.ed.gov/GLOBALLOCATOR/sch_info_popup.asp?Type=Public&ID=130012003551","3",302,"09","12",1300120,26,"10811003","SOUTH ATLANTA SCHOOL OF COMPUTER ANIMATION AND DESIGN 800 HUTCHENS RD SE ATLANTA GA 30354.00000","SOUTH ATLANTA SCHOOL OF COMPUTER ANIMATION AND DESIGN 800 HUTCHENS RD SE ATLANTA GA 30354.00000"
-83.853410885999949,34.263496258000032,2164,130261001166,"LYMAN HALL ELEMENTARY SCHOOL","2150 MEMORIAL PARK DR","GAINESVILLE","GA",30504,"NOT AVAILABLE","(770) 534-7044",1,1,932,"HALL",13139,"USA",34.2634962580000,-83.8534108859999,611110,"ELEMENTARY AND SECONDARY SCHOOLS","http://nces.ed.gov/GLOBALLOCATOR/sch_info_popup.asp?Type=Public&ID=130261001166","2009-12-10 00:00:00.000","IMAGERY/OTHER","2016-03-21 00:00:00.000","http://nces.ed.gov/GLOBALLOCATOR/sch_info_popup.asp?Type=Public&ID=130261001166","1",874,"PK","05",1302610,58,"NOT AVAILABLE","LYMAN HALL ELEMENTARY SCHOOL 2150 MEMORIAL PARK DR GAINESVILLE GA 30504.00000","LYMAN HALL ELEMENTARY SCHOOL 2150 MEMORIAL PARK DR GAINESVILLE GA 30504.00000"
-88.894531320999988,42.365637598000028,2165,170579000257,"CALEDONIA ELEM SCHOOL","2311 RANDOLPH ST","CALEDONIA","IL",61011,"9321","(815) 765-2081",1,1,445,"BOONE",17007,"USA",42.3656375980000,-88.8945313210000,611110,"ELEMENTARY AND SECONDARY SCHOOLS","http://nces.ed.gov/GLOBALLOCATOR/sch_info_popup.asp?Type=Public&ID=170579000257","2009-12-10 00:00:00.000","IMAGERY/OTHER","2010-08-26 00:00:00.000","http://nces.ed.gov/GLOBALLOCATOR/sch_info_popup.asp?Type=Public&ID=170579000257","1",419,"KG","05",1705790,26,"NOT AVAILABLE","CALEDONIA ELEM SCHOOL 2311 RANDOLPH ST CALEDONIA IL 61011.00000","CALEDONIA ELEM SCHOOL 2311 RANDOLPH ST CALEDONIA IL 61011.00000"
-86.088404125999944,39.480069823000058,2166,180369001030,"CREEKSIDE ELEMENTARY SCH","700 E SR 44","FRANKLIN","IN",46131,"NOT AVAILABLE","(317) 346-8800",1,1,607,"JOHNSON",18081,"USA",39.4800698230001,-86.0884041259999,611110,"ELEMENTARY AND SECONDARY SCHOOLS","http://nces.ed.gov/GLOBALLOCATOR/sch_info_popup.asp?Type=Public&ID=180369001030","2009-10-13 00:00:00.000","IMAGERY/OTHER","2010-08-02 00:00:00.000","http://nces.ed.gov/GLOBALLOCATOR/sch_info_popup.asp?Type=Public&ID=180369001030","1",581,"KG","04",1803690,26,"NOT AVAILABLE","CREEKSIDE ELEMENTARY SCH 700 E SR 44 FRANKLIN IN 46131.00000","CREEKSIDE ELEMENTARY SCH 700 E SR 44 FRANKLIN IN 46131.00000"
-86.027080179999984,40.177772919000056,2167,180426000727,"HAMILTON HEIGHTS MIDDLE SCH","420 W NORTH ST -   609","ARCADIA","IN",46030,"0609","(317) 984-3588",1,1,590,"HAMILTON",18057,"USA",40.1777729190001,-86.0270801800000,611110,"ELEMENTARY AND SECONDARY SCHOOLS","http://nces.ed.gov/GLOBALLOCATOR/sch_info_popup.asp?Type=Public&ID=180426000727","2009-10-13 00:00:00.000","IMAGERY/OTHER","2016-04-06 00:00:00.000","http://nces.ed.gov/GLOBALLOCATOR/sch_info_popup.asp?Type=Public&ID=180426000727","2",559,"06","08",1804260,31,"NOT AVAILABLE","HAMILTON HEIGHTS MIDDLE SCH 420 W NORTH ST -   609 ARCADIA IN 46030.00000","HAMILTON HEIGHTS MIDDLE SCH 420 W NORTH ST -   609 ARCADIA IN 46030.00000"
-92.161424733999979,41.155644940000059,2168,192244001345,"PEKIN ELEMENTARY SCHOOL","1062 BIRCH AVE","PACKWOOD","IA",52580,"8542","(641) 661-2351",1,1,358,"JEFFERSON",19101,"USA",41.1556449400001,-92.1614247340000,611110,"ELEMENTARY AND SECONDARY SCHOOLS","http://nces.ed.gov/GLOBALLOCATOR/sch_info_popup.asp?Type=Public&ID=192244001345","2009-10-13 00:00:00.000","IMAGERY/OTHER","2016-03-24 00:00:00.000","http://nces.ed.gov/GLOBALLOCATOR/sch_info_popup.asp?Type=Public&ID=192244001345","1",338,"PK","05",1922440,20,"10822222","PEKIN ELEMENTARY SCHOOL 1062 BIRCH AVE PACKWOOD IA 52580.00000","PEKIN ELEMENTARY SCHOOL 1062 BIRCH AVE PACKWOOD IA 52580.00000"
-86.458965586999966,36.962397096000068,2169,210057000104,"BOWLING GREEN JUNIOR HIGH","900 CAMPBELL LN","BOWLING GREEN","KY",42104,"NOT AVAILABLE","(270) 746-2290",1,1,969,"WARREN",21227,"USA",36.9623970960001,-86.4589655870000,611110,"ELEMENTARY AND SECONDARY SCHOOLS","http://nces.ed.gov/GLOBALLOCATOR/sch_info_popup.asp?Type=Public&ID=210057000104","2010-01-29 00:00:00.000","IMAGERY","2010-08-27 00:00:00.000","http://nces.ed.gov/GLOBALLOCATOR/sch_info_popup.asp?Type=Public&ID=210057000104","2",916,"06","08",2100570,53,"NOT AVAILABLE","BOWLING GREEN JUNIOR HIGH 900 CAMPBELL LN BOWLING GREEN KY 42104.00000","BOWLING GREEN JUNIOR HIGH 900 CAMPBELL LN BOWLING GREEN KY 42104.00000"
-71.100190000000000,42.331100000000000,2170,250279000946,"MISSION HILL SCHOOL","20 CHILD STREET","JAMAICA PLAIN","MA",2130,"NOT AVAILABLE","(617) 635-8189",1,1,244,"SUFFOLK",25025,"USA",42.3311000000000,-71.1001899999999,611110,"ELEMENTARY AND SECONDARY SCHOOLS","http://nces.ed.gov/GLOBALLOCATOR/sch_info_popup.asp?Type=Public&ID=250279000946","2010-01-29 00:00:00.000","IMAGERY","2017-10-31 00:00:00.000","http://nces.ed.gov/GLOBALLOCATOR/sch_info_popup.asp?Type=Public&ID=250279000946","1",232,"PK","08",2502790,12,"10818826","MISSION HILL SCHOOL 20 CHILD STREET JAMAICA PLAIN MA 2130.00000","MISSION HILL SCHOOL 20 CHILD STREET JAMAICA PLAIN MA 2130.00000"
-72.639290000000000,42.176810000000000,2171,250627000909,"MAURICE A DONAHUE ELEMENTARY","210 WHITING FARMS ROAD","HOLYOKE","MA",1040,"NOT AVAILABLE","(413) 534-2069",1,1,628,"HAMPDEN",25013,"USA",42.1768100000000,-72.6392900000000,611110,"ELEMENTARY AND SECONDARY SCHOOLS","http://nces.ed.gov/GLOBALLOCATOR/sch_info_popup.asp?Type=Public&ID=250627000909","2010-01-29 00:00:00.000","IMAGERY","2010-05-10 00:00:00.000","http://nces.ed.gov/GLOBALLOCATOR/sch_info_popup.asp?Type=Public&ID=250627000909","1",588,"KG","08",2506270,40,"NOT AVAILABLE","MAURICE A DONAHUE ELEMENTARY 210 WHITING FARMS ROAD HOLYOKE MA 1040.00000","MAURICE A DONAHUE ELEMENTARY 210 WHITING FARMS ROAD HOLYOKE MA 1040.00000"
-87.060582611999962,45.867650697000045,2172,261597005245,"GLADSTONE AREA HIGH SCHOOL","2100 M-35","GLADSTONE","MI",49837,"NOT AVAILABLE","(906) 428-9200",1,1,507,"DELTA",26041,"USA",45.8676506970000,-87.0605826120000,611110,"ELEMENTARY AND SECONDARY SCHOOLS","http://nces.ed.gov/GLOBALLOCATOR/sch_info_popup.asp?Type=Public&ID=261597005245","2010-01-29 00:00:00.000","IMAGERY","2017-10-31 00:00:00.000","http://nces.ed.gov/GLOBALLOCATOR/sch_info_popup.asp?Type=Public&ID=261597005245","3",487,"09","12",2615970,20,"NOT AVAILABLE","GLADSTONE AREA HIGH SCHOOL 2100 M-35 GLADSTONE MI 49837.00000","GLADSTONE AREA HIGH SCHOOL 2100 M-35 GLADSTONE MI 49837.00000"
-86.082203749999962,43.415179650000020,2173,261851005535,"HOLTON ELEMENTARY SCHOOL","6245 SYERS RD","HOLTON","MI",49425,"7557","(231) 821-1825",1,1,455,"MUSKEGON",26121,"USA",43.4151796500000,-86.0822037500000,611110,"ELEMENTARY AND SECONDARY SCHOOLS","http://nces.ed.gov/GLOBALLOCATOR/sch_info_popup.asp?Type=Public&ID=261851005535","2009-10-13 00:00:00.000","IMAGERY","2016-04-28 00:00:00.000","http://nces.ed.gov/GLOBALLOCATOR/sch_info_popup.asp?Type=Public&ID=261851005535","1",432,"KG","06",2618510,23,"NOT AVAILABLE","HOLTON ELEMENTARY SCHOOL 6245 SYERS RD HOLTON MI 49425.00000","HOLTON ELEMENTARY SCHOOL 6245 SYERS RD HOLTON MI 49425.00000"
-83.248635091999972,43.656370960000061,2174,262718006326,"OWENDALE-GAGETOWN ELEMENTARY SCHOOL","7166 EAST MAIN ST","OWENDALE","MI",48754,"9601","(989) 678-4141",1,1,63,"TUSCOLA",26157,"USA",43.6563709600001,-83.2486350920000,611110,"ELEMENTARY AND SECONDARY SCHOOLS","http://nces.ed.gov/GLOBALLOCATOR/sch_info_popup.asp?Type=Public&ID=262718006326","2010-01-29 00:00:00.000","IMAGERY","2017-10-31 00:00:00.000","http://nces.ed.gov/GLOBALLOCATOR/sch_info_popup.asp?Type=Public&ID=262718006326","1",60,"PK","05",2627180,3,"NOT AVAILABLE","OWENDALE-GAGETOWN ELEMENTARY SCHOOL 7166 EAST MAIN ST OWENDALE MI 48754.00000","OWENDALE-GAGETOWN ELEMENTARY SCHOOL 7166 EAST MAIN ST OWENDALE MI 48754.00000"
-92.989769470999988,45.274820815000048,2175,271227000594,"FOREST LAKE ELEMENTARY","408 SW 4TH ST","FOREST LAKE","MN",55025,"1598","(651) 982-3200",1,1,446,"WASHINGTON",27163,"USA",45.2748208150001,-92.9897694710000,611110,"ELEMENTARY AND SECONDARY SCHOOLS","http://nces.ed.gov/GLOBALLOCATOR/sch_info_popup.asp?Type=Public&ID=271227000594","2009-10-13 00:00:00.000","IMAGERY/OTHER","2016-07-15 00:00:00.000","http://nces.ed.gov/GLOBALLOCATOR/sch_info_popup.asp?Type=Public&ID=271227000594","2",420,"04","06",2712270,26,"NOT AVAILABLE","FOREST LAKE ELEMENTARY 408 SW 4TH ST FOREST LAKE MN 55025.00000","FOREST LAKE ELEMENTARY 408 SW 4TH ST FOREST LAKE MN 55025.00000"
-106.720753524999964,35.620708212000061,2176,350015800883,"WALATOWA CHARTER HIGH","147 BEAR HEAD CANYON","JEMEZ PUEBLO","NM",87024,"NOT AVAILABLE","(555) 555-5555",1,1,61,"SANDOVAL",35043,"USA",35.6207082120001,-106.7207535250000,611110,"ELEMENTARY AND SECONDARY SCHOOLS","http://nces.ed.gov/GLOBALLOCATOR/sch_info_popup.asp?Type=Public&ID=350015800883","2015-05-08 00:00:00.000","GEOCODE","2015-06-10 00:00:00.000","http://nces.ed.gov/GLOBALLOCATOR/sch_info_popup.asp?Type=Public&ID=350015800883","3",56,"09","12",3500158,5,"NOT AVAILABLE","WALATOWA CHARTER HIGH 147 BEAR HEAD CANYON JEMEZ PUEBLO NM 87024.00000","WALATOWA CHARTER HIGH 147 BEAR HEAD CANYON JEMEZ PUEBLO NM 87024.00000"
-106.730540280999946,34.808410700000017,2177,350168000438,"RAYMOND GABALDON ELEMENTARY","454 CORONADO RD","LOS LUNAS","NM",87031,"NOT AVAILABLE","(505) 866-8231",1,1,436,"VALENCIA",35061,"USA",34.8084107000000,-106.7305402810000,611110,"ELEMENTARY AND SECONDARY SCHOOLS","http://nces.ed.gov/GLOBALLOCATOR/sch_info_popup.asp?Type=Public&ID=350168000438","2010-01-29 00:00:00.000","IMAGERY/OTHER","2010-06-08 00:00:00.000","http://nces.ed.gov/GLOBALLOCATOR/sch_info_popup.asp?Type=Public&ID=350168000438","1",411,"PK","06",3501680,25,"NOT AVAILABLE","RAYMOND GABALDON ELEMENTARY 454 CORONADO RD LOS LUNAS NM 87031.00000","RAYMOND GABALDON ELEMENTARY 454 CORONADO RD LOS LUNAS NM 87031.00000"
-73.904914640999948,40.836152637000055,2178,360008602238,"PS 55 BENJAMIN FRANKLIN","450 ST PAUL'S PL","BRONX","NY",10456,"NOT AVAILABLE","(718) 681-6227",1,1,762,"BRONX",36005,"USA",40.8361526370001,-73.9049146409999,611110,"ELEMENTARY AND SECONDARY SCHOOLS","http://nces.ed.gov/GLOBALLOCATOR/sch_info_popup.asp?Type=Public&ID=360008602238","2010-01-29 00:00:00.000","IMAGERY/OTHER","2010-04-13 00:00:00.000","http://nces.ed.gov/GLOBALLOCATOR/sch_info_popup.asp?Type=Public&ID=360008602238","1",724,"PK","05",3600086,38,"NOT AVAILABLE","PS 55 BENJAMIN FRANKLIN 450 ST PAUL'S PL BRONX NY 10456.00000","PS 55 BENJAMIN FRANKLIN 450 ST PAUL'S PL BRONX NY 10456.00000"
-74.276677135999989,41.372484644000053,2179,360738000526,"CHESTER ELEMENTARY SCHOOL","2 HERBERT DR","CHESTER","NY",10918,"1140","(845) 469-2178",1,1,501,"ORANGE",36071,"USA",41.3724846440001,-74.2766771360000,611110,"ELEMENTARY AND SECONDARY SCHOOLS","http://nces.ed.gov/GLOBALLOCATOR/sch_info_popup.asp?Type=Public&ID=360738000526","2010-01-29 00:00:00.000","IMAGERY","2010-06-16 00:00:00.000","http://nces.ed.gov/GLOBALLOCATOR/sch_info_popup.asp?Type=Public&ID=360738000526","1",469,"KG","05",3607380,32,"NOT AVAILABLE","CHESTER ELEMENTARY SCHOOL 2 HERBERT DR CHESTER NY 10918.00000","CHESTER ELEMENTARY SCHOOL 2 HERBERT DR CHESTER NY 10918.00000"
-74.931872359999943,42.691523088000046,2180,360825000607,"COOPERSTOWN ELEMENTARY SCHOOL","21 WALNUT ST","COOPERSTOWN","NY",13326,"1496","(607) 547-9976",1,1,463,"OTSEGO",36077,"USA",42.6915230880001,-74.9318723599999,611110,"ELEMENTARY AND SECONDARY SCHOOLS","http://nces.ed.gov/GLOBALLOCATOR/sch_info_popup.asp?Type=Public&ID=360825000607","2010-01-29 00:00:00.000","IMAGERY","2010-06-21 00:00:00.000","http://nces.ed.gov/GLOBALLOCATOR/sch_info_popup.asp?Type=Public&ID=360825000607","1",430,"KG","06",3608250,33,"NOT AVAILABLE","COOPERSTOWN ELEMENTARY SCHOOL 21 WALNUT ST COOPERSTOWN NY 13326.00000","COOPERSTOWN ELEMENTARY SCHOOL 21 WALNUT ST COOPERSTOWN NY 13326.00000"
-73.808763462999934,42.352407560000074,2181,360849004765,"COXSACKIE-ATHENS MIDDLE SCHOOL","24 SUNSET BLVD","COXSACKIE","NY",12051,"1132","(518) 731-1850",1,1,463,"GREENE",36039,"USA",42.3524075600001,-73.8087634629999,611110,"ELEMENTARY AND SECONDARY SCHOOLS","http://nces.ed.gov/GLOBALLOCATOR/sch_info_popup.asp?Type=Public&ID=360849004765","2010-01-29 00:00:00.000","IMAGERY","2010-06-21 00:00:00.000","http://nces.ed.gov/GLOBALLOCATOR/sch_info_popup.asp?Type=Public&ID=360849004765","2",433,"05","08",3608490,30,"NOT AVAILABLE","COXSACKIE-ATHENS MIDDLE SCHOOL 24 SUNSET BLVD COXSACKIE NY 12051.00000","COXSACKIE-ATHENS MIDDLE SCHOOL 24 SUNSET BLVD COXSACKIE NY 12051.00000"
-82.244810768999969,41.358388277000067,2182,390481503143,"SOUTH AMHERST MIDDLE SCHOOL","152 W MAIN ST","SOUTH AMHERST","OH",44001,"2924","(440) 986-7021",1,1,422,"LORAIN",39093,"USA",41.3583882770001,-82.2448107690000,611110,"ELEMENTARY AND SECONDARY SCHOOLS","http://nces.ed.gov/GLOBALLOCATOR/sch_info_popup.asp?Type=Public&ID=390481503143","2009-10-13 00:00:00.000","IMAGERY/OTHER","2010-09-09 00:00:00.000","http://nces.ed.gov/GLOBALLOCATOR/sch_info_popup.asp?Type=Public&ID=390481503143","2",422,"06","08",3904815,-1,"10808681","SOUTH AMHERST MIDDLE SCHOOL 152 W MAIN ST SOUTH AMHERST OH 44001.00000","SOUTH AMHERST MIDDLE SCHOOL 152 W MAIN ST SOUTH AMHERST OH 44001.00000"
-99.665776504999940,35.608200382000064,2183,400750000299,"CHEYENNE ES","910 E BUSTER AVENUE","CHEYENNE","OK",73628,"3628","(580) 497-2486",1,1,308,"ROGER MILLS",40129,"USA",35.6082003820001,-99.6657765049999,611110,"ELEMENTARY AND SECONDARY SCHOOLS","http://nces.ed.gov/GLOBALLOCATOR/sch_info_popup.asp?Type=Public&ID=400750000299","2010-01-29 00:00:00.000","IMAGERY/OTHER","2010-07-22 00:00:00.000","http://nces.ed.gov/GLOBALLOCATOR/sch_info_popup.asp?Type=Public&ID=400750000299","1",286,"PK","08",4007500,22,"NOT AVAILABLE","CHEYENNE ES 910 E BUSTER AVENUE CHEYENNE OK 73628.00000","CHEYENNE ES 910 E BUSTER AVENUE CHEYENNE OK 73628.00000"
-95.933052274999980,36.121632275000039,2184,403024000989,"EISENHOWER INTERNATIONAL ES","3111 EAST 56 STREET","TULSA","OK",74105,"4105","(918) 746-9100",1,1,553,"TULSA",40143,"USA",36.1216322750000,-95.9330522750000,611110,"ELEMENTARY AND SECONDARY SCHOOLS","http://nces.ed.gov/GLOBALLOCATOR/sch_info_popup.asp?Type=Public&ID=403024000989","2010-01-29 00:00:00.000","IMAGERY/OTHER","2017-10-31 00:00:00.000","http://nces.ed.gov/GLOBALLOCATOR/sch_info_popup.asp?Type=Public&ID=403024000989","1",528,"PK","05",4030240,25,"NOT AVAILABLE","EISENHOWER INTERNATIONAL ES 3111 EAST 56 STREET TULSA OK 74105.00000","EISENHOWER INTERNATIONAL ES 3111 EAST 56 STREET TULSA OK 74105.00000"
-76.450870164999969,41.767861229000054,2185,422355000997,"TOWANDA AREA EL SCH","420 STATE ST","TOWANDA","PA",18848,"NOT AVAILABLE","(570) 265-6131",1,1,449,"BRADFORD",42015,"USA",41.7678612290001,-76.4508701650000,611110,"ELEMENTARY AND SECONDARY SCHOOLS","http://nces.ed.gov/GLOBALLOCATOR/sch_info_popup.asp?Type=Public&ID=422355000997","2009-10-13 00:00:00.000","IMAGERY/OTHER","2016-09-06 00:00:00.000","http://nces.ed.gov/GLOBALLOCATOR/sch_info_popup.asp?Type=Public&ID=422355000997","1",424,"03","06",4223550,25,"NOT AVAILABLE","TOWANDA AREA EL SCH 420 STATE ST TOWANDA PA 18848.00000","TOWANDA AREA EL SCH 420 STATE ST TOWANDA PA 18848.00000"
-85.365534875999970,35.033426818000059,2186,470159000781,"LOOKOUT VALLEY MIDDLE / HIGH SCHOOL","350  LOOKOUT  HIGH ST","CHATTANOOGA","TN",37419,"NOT AVAILABLE","(423) 825-7352",1,1,406,"HAMILTON",47065,"USA",35.0334268180001,-85.3655348760000,611110,"ELEMENTARY AND SECONDARY SCHOOLS","http://nces.ed.gov/GLOBALLOCATOR/sch_info_popup.asp?Type=Public&ID=470159000781","2010-01-29 00:00:00.000","IMAGERY","2010-07-14 00:00:00.000","http://nces.ed.gov/GLOBALLOCATOR/sch_info_popup.asp?Type=Public&ID=470159000781","4",375,"06","12",4701590,31,"NOT AVAILABLE","LOOKOUT VALLEY MIDDLE / HIGH SCHOOL 350  LOOKOUT  HIGH ST CHATTANOOGA TN 37419.00000","LOOKOUT VALLEY MIDDLE / HIGH SCHOOL 350  LOOKOUT  HIGH ST CHATTANOOGA TN 37419.00000"
-98.388340481999990,29.594087896000072,2187,483294010431,"STEUBING RANCH EL","5100 KNOLL CREEK","SAN ANTONIO","TX",78247,"5857","(210) 407-7600",1,1,1002,"BEXAR",48029,"USA",29.5940878960001,-98.3883404820000,611110,"ELEMENTARY AND SECONDARY SCHOOLS","http://nces.ed.gov/GLOBALLOCATOR/sch_info_popup.asp?Type=Public&ID=483294010431","2010-01-29 00:00:00.000","UNVERIFIED","2010-02-25 00:00:00.000","http://nces.ed.gov/GLOBALLOCATOR/sch_info_popup.asp?Type=Public&ID=483294010431","1",941,"PK","05",4832940,61,"NOT AVAILABLE","STEUBING RANCH EL 5100 KNOLL CREEK SAN ANTONIO TX 78247.00000","STEUBING RANCH EL 5100 KNOLL CREEK SAN ANTONIO TX 78247.00000"
-77.147148809999976,38.908499141000036,2188,510027003006,"DISCOVERY ELEM","5241 36TH STREET NORTH","ARLINGTON","VA",22207,"NOT AVAILABLE","(703) 288-2685",1,7,-999,"ARLINGTON",51013,"USA",38.9084991410001,-77.1471488100000,611110,"ELEMENTARY AND SECONDARY SCHOOLS","http://nces.ed.gov/GLOBALLOCATOR/sch_info_popup.asp?Type=Public&ID=510027003006","2017-10-25 00:00:00.000","IMAGERY/OTHER","2018-01-18 00:00:00.000","http://nces.ed.gov/GLOBALLOCATOR/sch_info_popup.asp?Type=Public&ID=510027003006","N",-1,"N","N",5100270,-1,"NOT AVAILABLE","DISCOVERY ELEM 5241 36TH STREET NORTH ARLINGTON VA 22207.00000","DISCOVERY ELEM 5241 36TH STREET NORTH ARLINGTON VA 22207.00000"
-143.966577228999990,62.704861301000051,2189,20007000583,"SLANA SCHOOL","MILE 4 NABESNA RD","SLANA","AK",99586,"NOT AVAILABLE","NOT AVAILABLE",1,1,20,"VALDEZ-CORDOVA",2261,"USA",62.7048613010001,-143.9665772290000,611110,"ELEMENTARY AND SECONDARY SCHOOLS","http://nces.ed.gov/GLOBALLOCATOR/sch_info_popup.asp?Type=Public&ID=020007000583","2010-01-29 00:00:00.000","GEOCODE","2017-10-31 00:00:00.000","http://nces.ed.gov/GLOBALLOCATOR/sch_info_popup.asp?Type=Public&ID=020007000583","4",19,"PK","12",200070,1,"NOT AVAILABLE","SLANA SCHOOL MILE 4 NABESNA RD SLANA AK 99586.00000","SLANA SCHOOL MILE 4 NABESNA RD SLANA AK 99586.00000"
-111.863891717999990,33.413055857000067,2190,40973102189,"EVIT - TEMPE AUTO","1601 W. MAIN STREET","MESA","AZ",85201,"NOT AVAILABLE","NOT AVAILABLE",3,6,-999,"MARICOPA",4013,"USA",33.4130558570001,-111.8638917180000,611110,"ELEMENTARY AND SECONDARY SCHOOLS","http://nces.ed.gov/GLOBALLOCATOR/sch_info_popup.asp?Type=Public&ID=040973102189","2010-01-29 00:00:00.000","IMAGERY","2017-10-31 00:00:00.000","http://nces.ed.gov/GLOBALLOCATOR/sch_info_popup.asp?Type=Public&ID=040973102189","N",-1,"10","12",409731,-1,"NOT AVAILABLE","EVIT - TEMPE AUTO 1601 W. MAIN STREET MESA AZ 85201.00000","EVIT - TEMPE AUTO 1601 W. MAIN STREET MESA AZ 85201.00000"
-93.176470530000000,34.315501854000040,2191,50324000336,"BISMARCK MIDDLE SCHOOL","11636 HWY 84","BISMARCK","AR",71929,"NOT AVAILABLE","NOT AVAILABLE",1,1,315,"HOT SPRING",5059,"USA",34.3155018540000,-93.1764705300000,611110,"ELEMENTARY AND SECONDARY SCHOOLS","http://nces.ed.gov/GLOBALLOCATOR/sch_info_popup.asp?Type=Public&ID=050324000336","2009-10-13 00:00:00.000","IMAGERY/OTHER","2016-02-01 00:00:00.000","http://nces.ed.gov/GLOBALLOCATOR/sch_info_popup.asp?Type=Public&ID=050324000336","2",291,"05","08",503240,24,"NOT AVAILABLE","BISMARCK MIDDLE SCHOOL 11636 HWY 84 BISMARCK AR 71929.00000","BISMARCK MIDDLE SCHOOL 11636 HWY 84 BISMARCK AR 71929.00000"
-120.135161200999974,40.141423430000032,2192,60001109068,"SIERRA PRIMARY","100 DS HALL ST.","HERLONG","CA",96113,"0035","NOT AVAILABLE",1,1,63,"LASSEN",6035,"USA",40.1414234300000,-120.1351612010000,611110,"ELEMENTARY AND SECONDARY SCHOOLS","http://nces.ed.gov/GLOBALLOCATOR/sch_info_popup.asp?Type=Public&ID=060001109068","2009-10-13 00:00:00.000","GEOCODE","2016-02-11 00:00:00.000","http://nces.ed.gov/GLOBALLOCATOR/sch_info_popup.asp?Type=Public&ID=060001109068","1",58,"KG","06",600011,5,"NOT AVAILABLE","SIERRA PRIMARY 100 DS HALL ST. HERLONG CA 96113.00000","SIERRA PRIMARY 100 DS HALL ST. HERLONG CA 96113.00000"
-117.090907566999988,33.460143828000064,2193,60002808270,"HELEN HUNT JACKSON ELEMENTARY","32400 CAMINO SAN DIMAS","TEMECULA","CA",92592,"NOT AVAILABLE","NOT AVAILABLE",1,1,441,"RIVERSIDE",6065,"USA",33.4601438280001,-117.0909075670000,611110,"ELEMENTARY AND SECONDARY SCHOOLS","http://nces.ed.gov/GLOBALLOCATOR/sch_info_popup.asp?Type=Public&ID=060002808270","2009-10-13 00:00:00.000","IMAGERY","2016-02-19 00:00:00.000","http://nces.ed.gov/GLOBALLOCATOR/sch_info_popup.asp?Type=Public&ID=060002808270","1",425,"KG","05",600028,16,"NOT AVAILABLE","HELEN HUNT JACKSON ELEMENTARY 32400 CAMINO SAN DIMAS TEMECULA CA 92592.00000","HELEN HUNT JACKSON ELEMENTARY 32400 CAMINO SAN DIMAS TEMECULA CA 92592.00000"
-119.391755440999987,36.532728470000045,2194,60006501241,"WILSON ELEMENTARY","305 E. KAMM AVE.","DINUBA","CA",93618,"1825","NOT AVAILABLE",1,1,649,"TULARE",6107,"USA",36.5327284700001,-119.3917554410000,611110,"ELEMENTARY AND SECONDARY SCHOOLS","http://nces.ed.gov/GLOBALLOCATOR/sch_info_popup.asp?Type=Public&ID=060006501241","2009-10-13 00:00:00.000","IMAGERY/OTHER","2016-03-01 00:00:00.000","http://nces.ed.gov/GLOBALLOCATOR/sch_info_popup.asp?Type=Public&ID=060006501241","1",626,"KG","06",600065,23,"NOT AVAILABLE","WILSON ELEMENTARY 305 E. KAMM AVE. DINUBA CA 93618.00000","WILSON ELEMENTARY 305 E. KAMM AVE. DINUBA CA 93618.00000"
-118.202888553999969,34.058120225000039,2195,62271010240,"FRANCISCO BRAVO MEDICAL MAGNET HIGH","1200 N. CORNWELL ST.","LOS ANGELES","CA",90033,"1417","NOT AVAILABLE",4,1,1911,"LOS ANGELES",6037,"USA",34.0581202250000,-118.2028885540000,611110,"ELEMENTARY AND SECONDARY SCHOOLS","http://nces.ed.gov/GLOBALLOCATOR/sch_info_popup.asp?Type=Public&ID=062271010240","2009-10-13 00:00:00.000","IMAGERY/OTHER","2016-02-17 00:00:00.000","http://nces.ed.gov/GLOBALLOCATOR/sch_info_popup.asp?Type=Public&ID=062271010240","3",1841,"09","12",622710,70,"NOT AVAILABLE","FRANCISCO BRAVO MEDICAL MAGNET HIGH 1200 N. CORNWELL ST. LOS ANGELES CA 90033.00000","FRANCISCO BRAVO MEDICAL MAGNET HIGH 1200 N. CORNWELL ST. LOS ANGELES CA 90033.00000"
-121.545481431999974,39.479768479000022,2196,62910004491,"OAKDALE HEIGHTS ELEMENTARY","2255 LAS PLUMAS AVE.","OROVILLE","CA",95966,"6940","NOT AVAILABLE",1,1,442,"BUTTE",6007,"USA",39.4797684790000,-121.5454814320000,611110,"ELEMENTARY AND SECONDARY SCHOOLS","http://nces.ed.gov/GLOBALLOCATOR/sch_info_popup.asp?Type=Public&ID=062910004491","2009-10-13 00:00:00.000","IMAGERY","2016-02-09 00:00:00.000","http://nces.ed.gov/GLOBALLOCATOR/sch_info_popup.asp?Type=Public&ID=062910004491","1",423,"KG","06",629100,19,"10798287","OAKDALE HEIGHTS ELEMENTARY 2255 LAS PLUMAS AVE. OROVILLE CA 95966.00000","OAKDALE HEIGHTS ELEMENTARY 2255 LAS PLUMAS AVE. OROVILLE CA 95966.00000"
-121.417586780999954,38.526171962000035,2197,63384005236,"EARL WARREN ELEMENTARY","5420 LOWELL ST.","SACRAMENTO","CA",95820,"6606","NOT AVAILABLE",1,1,544,"SACRAMENTO",6067,"USA",38.5261719620000,-121.4175867810000,611110,"ELEMENTARY AND SECONDARY SCHOOLS","http://nces.ed.gov/GLOBALLOCATOR/sch_info_popup.asp?Type=Public&ID=063384005236","2009-12-10 00:00:00.000","IMAGERY","2016-02-22 00:00:00.000","http://nces.ed.gov/GLOBALLOCATOR/sch_info_popup.asp?Type=Public&ID=063384005236","1",524,"KG","06",633840,20,"NOT AVAILABLE","EARL WARREN ELEMENTARY 5420 LOWELL ST. SACRAMENTO CA 95820.00000","EARL WARREN ELEMENTARY 5420 LOWELL ST. SACRAMENTO CA 95820.00000"
-121.451071900999978,38.548957100000038,2198,63384008282,"SUCCESS ACADEMY","5601 47TH AVE.","SACRAMENTO","CA",95824,"4031","NOT AVAILABLE",4,1,12,"SACRAMENTO",6067,"USA",38.5489571000001,-121.4510719010000,611110,"ELEMENTARY AND SECONDARY SCHOOLS","http://nces.ed.gov/GLOBALLOCATOR/sch_info_popup.asp?Type=Public&ID=063384008282","2010-01-29 00:00:00.000","IMAGERY/OTHER","2017-10-31 00:00:00.000","http://nces.ed.gov/GLOBALLOCATOR/sch_info_popup.asp?Type=Public&ID=063384008282","2",9,"04","08",633840,3,"NOT AVAILABLE","SUCCESS ACADEMY 5601 47TH AVE. SACRAMENTO CA 95824.00000","SUCCESS ACADEMY 5601 47TH AVE. SACRAMENTO CA 95824.00000"
-72.513443430999985,41.841080223000063,2199,90417000821,"PHILIP R. SMITH SCHOOL","949 AVERY STREET","SOUTH WINDSOR","CT",6074,"2306","NOT AVAILABLE",1,1,369,"HARTFORD",9003,"USA",41.8410802230001,-72.5134434310000,611110,"ELEMENTARY AND SECONDARY SCHOOLS","http://nces.ed.gov/GLOBALLOCATOR/sch_info_popup.asp?Type=Public&ID=090417000821","2010-01-29 00:00:00.000","IMAGERY","2010-03-30 00:00:00.000","http://nces.ed.gov/GLOBALLOCATOR/sch_info_popup.asp?Type=Public&ID=090417000821","1",344,"PK","05",904170,25,"NOT AVAILABLE","PHILIP R. SMITH SCHOOL 949 AVERY STREET SOUTH WINDSOR CT 6074.00000","PHILIP R. SMITH SCHOOL 949 AVERY STREET SOUTH WINDSOR CT 6074.00000"
-73.149616881999975,41.217983235000077,2200,90444000895,"SECOND HILL LANE SCHOOL","65 SECOND HILL LANE","STRATFORD","CT",6615,"2547","NOT AVAILABLE",1,1,741,"FAIRFIELD",9001,"USA",41.2179832350001,-73.1496168820000,611110,"ELEMENTARY AND SECONDARY SCHOOLS","http://nces.ed.gov/GLOBALLOCATOR/sch_info_popup.asp?Type=Public&ID=090444000895","2010-01-29 00:00:00.000","IMAGERY","2010-03-05 00:00:00.000","http://nces.ed.gov/GLOBALLOCATOR/sch_info_popup.asp?Type=Public&ID=090444000895","1",692,"PK","06",904440,49,"10822990","SECOND HILL LANE SCHOOL 65 SECOND HILL LANE STRATFORD CT 6615.00000","SECOND HILL LANE SCHOOL 65 SECOND HILL LANE STRATFORD CT 6615.00000"
-85.627134597999955,30.213460352000023,2201,120009005429,"BAY HAVEN CHARTER MIDDLE SCHOOL","2501 HAWKS LANDING BLVD","PANAMA CITY","FL",32405,"6658","(850) 248-3500",1,1,542,"BAY",12005,"USA",30.2134603520000,-85.6271345979999,611110,"ELEMENTARY AND SECONDARY SCHOOLS","http://nces.ed.gov/GLOBALLOCATOR/sch_info_popup.asp?Type=Public&ID=120009005429","2009-10-13 00:00:00.000","IMAGERY/OTHER","2010-06-17 00:00:00.000","http://nces.ed.gov/GLOBALLOCATOR/sch_info_popup.asp?Type=Public&ID=120009005429","2",516,"06","08",1200090,26,"NOT AVAILABLE","BAY HAVEN CHARTER MIDDLE SCHOOL 2501 HAWKS LANDING BLVD PANAMA CITY FL 32405.00000","BAY HAVEN CHARTER MIDDLE SCHOOL 2501 HAWKS LANDING BLVD PANAMA CITY FL 32405.00000"
-82.386217235999936,28.021236235000067,2202,120087001004,"RIVERHILLS ELEMENTARY SCHOOL","405 S RIVERHILLS DR","TEMPLE TERRACE","FL",33617,"7805","(813) 987-6911",1,2,-999,"HILLSBOROUGH",12057,"USA",28.0212362350001,-82.3862172359999,611110,"ELEMENTARY AND SECONDARY SCHOOLS","http://nces.ed.gov/GLOBALLOCATOR/sch_info_popup.asp?Type=Public&ID=120087001004","2010-01-29 00:00:00.000","IMAGERY","2010-02-18 00:00:00.000","http://nces.ed.gov/GLOBALLOCATOR/sch_info_popup.asp?Type=Public&ID=120087001004","N",-1,"PK","05",1200870,-1,"NOT AVAILABLE","RIVERHILLS ELEMENTARY SCHOOL 405 S RIVERHILLS DR TEMPLE TERRACE FL 33617.00000","RIVERHILLS ELEMENTARY SCHOOL 405 S RIVERHILLS DR TEMPLE TERRACE FL 33617.00000"
